{
    "@context": "https://schema.org",
    "@type": "Movie",
    "actor": [
        {
            "@type": "Person",
            "name": "Mark Marten",
            "url": "/name/nm2444271/"
        },
        {
            "@type": "Person",
            "name": "Melissa Peterson",
            "url": "/name/nm2449393/"
        },
        {
            "@type": "Person",
            "name": "Kymberly Mellen",
            "url": "/name/nm1720103/"
        }
    ],
    "aggregateRating": {
        "@type": "AggregateRating",
        "bestRating": 10,
        "ratingCount": 9,
        "ratingValue": 8,
        "worstRating": 1
    },
    "creator": [
        {
            "@type": "Organization",
            "url": "/company/co0073267/"
        },
        {
            "@type": "Person",
            "name": "Tim Hodge",
            "url": "/name/nm0388113/"
        },
        {
            "@type": "Person",
            "name": "Ron Smith",
            "url": "/name/nm1008854/"
        },
        {
            "@type": "Person",
            "name": "Keith Lango",
            "url": "/name/nm2152836/"
        }
    ],
    "datePublished": "2002-09-21",
    "description": "Michelle joins the Penguins on a mission to restore the signal beacon at Lightstation Kilowatt before the F.S.S Emperor's Pride crashes into a giant cosmic reef. Its theme is overcoming pride.",
    "director": [
        {
            "@type": "Person",
            "name": "Ron Smith",
            "url": "/name/nm1008854/"
        }
    ],
    "duration": "PT31M",
    "genre": [
        "Short",
        "Animation"
    ],
    "image": "https://m.media-amazon.com/images/M/MV5BYTk4NWViNDUtNWRmZi00YjA1LWJkODQtZTliODM3NWE5MmRhXkEyXkFqcGdeQXVyNTQ5MjU0ODk@._V1_.jpg",
    "keywords": "pride,penguin,space,lightbulb,girl",
    "name": "3-2-1 Penguins!: Runaway Pride at Lightstation Kilowatt",
    "original_info": {
        "id": "3-2-1 Penguins: Runaway Pride at Lightstation Kilowatt_2002",
        "name": "3-2-1 Penguins: Runaway Pride at Lightstation Kilowatt",
        "year": "2002"
    },
    "url": "/title/tt12545034/"
}