{
    "@context": "https://schema.org",
    "@type": "Movie",
    "actor": [
        {
            "@type": "Person",
            "name": "Takeshi Sakamoto",
            "url": "/name/nm0757104/"
        },
        {
            "@type": "Person",
            "name": "Chôko Iida",
            "url": "/name/nm0407329/"
        },
        {
            "@type": "Person",
            "name": "Kôji Mitsui",
            "url": "/name/nm0594062/"
        }
    ],
    "aggregateRating": {
        "@type": "AggregateRating",
        "bestRating": 10,
        "ratingCount": 3252,
        "ratingValue": 7.7,
        "worstRating": 1
    },
    "alternateName": "A Story of Floating Weeds",
    "contentRating": "Not Rated",
    "creator": [
        {
            "@type": "Organization",
            "url": "/company/co0007001/"
        },
        {
            "@type": "Person",
            "name": "Tadao Ikeda",
            "url": "/name/nm0407456/"
        },
        {
            "@type": "Person",
            "name": "Yasujirô Ozu",
            "url": "/name/nm0654868/"
        }
    ],
    "description": "A kabuki actor's mistress hatches a jealous plot to bring down her lover's son.",
    "director": [
        {
            "@type": "Person",
            "name": "Yasujirô Ozu",
            "url": "/name/nm0654868/"
        }
    ],
    "duration": "PT1H26M",
    "genre": [
        "Drama"
    ],
    "image": "https://m.media-amazon.com/images/M/MV5BMDllMjFhMzAtZmVhMi00YTdkLWIzOTQtZjlmZjNiMDg2M2UyXkEyXkFqcGdeQXVyNzQ1NDIxMDQ@._V1_.jpg",
    "keywords": "troupe,absent father,jealous lover,silent movie,actor",
    "name": "Ukikusa monogatari",
    "original_info": {
        "id": "A Story of Floating Weeds_1934",
        "name": "A Story of Floating Weeds",
        "year": "1934"
    },
    "review": {
        "@type": "Review",
        "author": {
            "@type": "Person",
            "name": "Andy-296"
        },
        "dateCreated": "2015-03-31",
        "inLanguage": "English",
        "itemReviewed": {
            "@type": "CreativeWork",
            "url": "/title/tt0025929/"
        },
        "name": "One of Ozu's best silents",
        "reviewBody": "Warning: Some plot points are revealed in this review\n\nOne of the last silent films by Japanese master Yasujiro Ozu (later remade by Ozu himself in in color in 1959) is about a traveling kabuki troupe arriving to a small town in Japan. The troupe's leader, Kihachi (Takeshi Sakamoto) uses the occasion to meet his old lover and their grown son (who believes Kihachi is his uncle), but his current lover Otaka (pretty, ethereal Rieko Yagumo) does not appreciate this when she learns about it, so she convinces a fellow actress of the troupe to seduce Kihachi's son. Kihachi, obviously, doesn't react well either when he learns about this. Reportedly, Ozu based this film on an American film from 1928 called \"The Barker\".\n\nThere are few differences from the 1959 remake. For instance, here the kabuki troupe arrives to a mountain town in a train, instead of arriving to a coastal village by boat. Secondary characters are less shown. But mostly, both films are very similar, almost scene by scene, including the famous part where they are shouting over each other across a rainy street or the finale with Kihachi and his now reconciled lover drinking sake in the night train. The actor playing Kihachi, though, is about two decades younger than Ganjiro Nakamuro in the 1959 version.\n\nOverall, this movie is not, in my opinion, as accomplished as the remake, but is still very well worth seeing, and one of the highlights of Ozu's silent films.",
        "reviewRating": {
            "@type": "Rating",
            "bestRating": 10,
            "ratingValue": 8,
            "worstRating": 1
        }
    },
    "url": "/title/tt0025929/"
}