{
    "@context": "https://schema.org",
    "@type": "Movie",
    "actor": [
        {
            "@type": "Person",
            "name": "Ayoub Ahmadi",
            "url": "/name/nm0014118/"
        },
        {
            "@type": "Person",
            "name": "Rojin Younessi",
            "url": "/name/nm0949217/"
        },
        {
            "@type": "Person",
            "name": "Amaneh Ekhtiar-dini",
            "url": "/name/nm0252369/"
        }
    ],
    "aggregateRating": {
        "@type": "AggregateRating",
        "bestRating": 10,
        "ratingCount": 8582,
        "ratingValue": 7.7,
        "worstRating": 1
    },
    "alternateName": "A Time for Drunken Horses",
    "contentRating": "Not Rated",
    "creator": [
        {
            "@type": "Organization",
            "url": "/company/co0072290/"
        },
        {
            "@type": "Organization",
            "url": "/company/co0023579/"
        },
        {
            "@type": "Organization",
            "url": "/company/co0022545/"
        },
        {
            "@type": "Person",
            "name": "Bahman Ghobadi",
            "url": "/name/nm0315842/"
        }
    ],
    "datePublished": "2000-09-13",
    "description": "Young Iranian Kurdish siblings try to save the youngest of them, who is seriously ill.",
    "director": [
        {
            "@type": "Person",
            "name": "Bahman Ghobadi",
            "url": "/name/nm0315842/"
        }
    ],
    "duration": "PT1H20M",
    "genre": [
        "Drama",
        "War"
    ],
    "image": "https://m.media-amazon.com/images/M/MV5BNmNlMGUzZWMtNTFiZS00Y2YwLThhZDctYWY1OTgzODhkN2ViXkEyXkFqcGdeQXVyNjkxOTM4ODY@._V1_.jpg",
    "keywords": "snow,loss of father,poverty,mule,drunk",
    "name": "Zamani barayé masti asbha",
    "original_info": {
        "id": "A Time for Dancing_2000",
        "name": "A Time for Dancing",
        "year": "2000"
    },
    "review": {
        "@type": "Review",
        "author": {
            "@type": "Person",
            "name": "nunculus"
        },
        "dateCreated": "2000-11-22",
        "inLanguage": "English",
        "itemReviewed": {
            "@type": "CreativeWork",
            "url": "/title/tt0259072/"
        },
        "name": "Hell is for children",
        "reviewBody": "As can be determined by the almost unbelievably coarse\n\nand heartless \"reviews\" of A TIME FOR DRUNKEN HORSES seen here on the IMDB's \"external reviews,\" the\n\nShooting Gallery had quite a task on their hands in selling\n\nAmericans on an Iranian film about a Kurdish brother and\n\nsister smuggling contraband on mules to pay for their crippled sibling's life-saving operation. The tony, elderly\n\nWestwood audience I saw HORSES with seemed put out that such an unpleasant experience interrupted their usual\n\nflow of Landmark Cinema Cultural Time-Outs; those with\n\nstronger constitutions will be offered as compensation\n\nimages that will stay seared in your heart for the rest of your\n\nlife.\n\nA scene in the snow, in which an extended family decides\n\nthe fate of the dwarfish younger brother, has an operatic\n\nseverity that suggests a closer approximation of the dramatic quality of the Old Testament than any movie based on the Bible. The ending is so amazingly courageous one cannot imagine a brace of dentist-investors, much less an American studio, standing\n\nfor its effrontery. \n\nThe Iranian cinema is not just reinventing the experience of\n\nmovies; it is rediscovering the moral dimension of telling\n\nstories."
    },
    "trailer": {
        "@type": "VideoObject",
        "description": "TIME FOR DRUNKEN HORSES (US)",
        "duration": "PT3M43S",
        "embedUrl": "https://www.imdb.com/video/imdb/vi1806025753",
        "name": "TIME FOR DRUNKEN HORSES (US)",
        "thumbnail": {
            "@type": "ImageObject",
            "contentUrl": "https://m.media-amazon.com/images/M/MV5BYTgwYzVjYzMtZWU5Yy00OWI3LTg5YzItMmFhYWI2OTc2ZTY3XkEyXkFqcGdeQVRoaXJkUGFydHlJbmdlc3Rpb25Xb3JrZmxvdw@@._V1_.jpg"
        },
        "thumbnailUrl": "https://m.media-amazon.com/images/M/MV5BYTgwYzVjYzMtZWU5Yy00OWI3LTg5YzItMmFhYWI2OTc2ZTY3XkEyXkFqcGdeQVRoaXJkUGFydHlJbmdlc3Rpb25Xb3JrZmxvdw@@._V1_.jpg",
        "uploadDate": "2023-02-17T21:35:33.381Z",
        "url": "https://www.imdb.com/video/vi1806025753/"
    },
    "url": "/title/tt0259072/"
}