{
    "@context": "https://schema.org",
    "@type": "TVEpisode",
    "actor": [
        {
            "@type": "Person",
            "name": "Mîna Tominaga",
            "url": "/name/nm0866697/"
        },
        {
            "@type": "Person",
            "name": "Annemarie Lawless",
            "url": "/name/nm0492496/"
        },
        {
            "@type": "Person",
            "name": "Juliet Cesario",
            "url": "/name/nm0960690/"
        }
    ],
    "aggregateRating": {
        "@type": "AggregateRating",
        "bestRating": 10,
        "ratingCount": 162,
        "ratingValue": 6.9,
        "worstRating": 1
    },
    "alternateName": "A.D. Police File 2: The Ripper",
    "datePublished": "1990-08-24",
    "description": "A young female cop investigates a series of brutal prostitute murders that could involve a boomer android.",
    "director": [
        {
            "@type": "Person",
            "name": "Akira Nishimori",
            "url": "/name/nm0632726/"
        }
    ],
    "duration": "PT40M",
    "genre": [
        "Animation",
        "Crime",
        "Sci-Fi"
    ],
    "image": "https://m.media-amazon.com/images/M/MV5BODMwNTUzMjQwNF5BMl5BanBnXkFtZTcwMDYxMTkxMQ@@._V1_.jpg",
    "keywords": "serial killer,sexism",
    "name": "Za Rippaa (The Ripper)",
    "original_info": {
        "id": "A.D. Police Files 1-3_1990",
        "name": "A.D. Police Files 1-3",
        "year": "1990"
    },
    "timeRequired": "PT40M",
    "url": "/title/tt0088656/"
}