{
    "@context": "https://schema.org",
    "@type": "Movie",
    "actor": [
        {
            "@type": "Person",
            "name": "Christina Applegate",
            "url": "/name/nm0000775/"
        },
        {
            "@type": "Person",
            "name": "Elizabeth Peña",
            "url": "/name/nm0001615/"
        },
        {
            "@type": "Person",
            "name": "Michael Mundra",
            "url": "/name/nm0612750/"
        }
    ],
    "aggregateRating": {
        "@type": "AggregateRating",
        "bestRating": 10,
        "ratingCount": 295,
        "ratingValue": 4.9,
        "worstRating": 1
    },
    "contentRating": "R",
    "creator": [
        {
            "@type": "Organization",
            "url": "/company/co0020933/"
        },
        {
            "@type": "Person",
            "name": "Stephen Schneck",
            "url": "/name/nm0773652/"
        }
    ],
    "datePublished": "1995-03-28",
    "description": "Two young women bond while living together out in the California desert to be close to their boyfriends who are serving time at the nearby state prison.",
    "director": [
        {
            "@type": "Person",
            "name": "Lisa Gottlieb",
            "url": "/name/nm0331989/"
        }
    ],
    "duration": "PT1H28M",
    "genre": [
        "Comedy",
        "Drama",
        "Romance"
    ],
    "image": "https://m.media-amazon.com/images/M/MV5BMjA1MzY0MjQ3MF5BMl5BanBnXkFtZTcwMjAyNzEyMQ@@._V1_.jpg",
    "keywords": "male nudity,male rear nudity,astronomical object in title,desert,prison",
    "name": "Across the Moon",
    "review": {
        "@type": "Review",
        "author": {
            "@type": "Person",
            "name": "JoyLynn"
        },
        "dateCreated": "2000-03-13",
        "inLanguage": "English",
        "itemReviewed": {
            "@type": "CreativeWork",
            "url": "/title/tt0109042/"
        },
        "name": "Michael McKean as Frank",
        "reviewBody": "Here's the deal: a lot of stuff in this movie I didn't like. But I first saw this movie because I knew that Michael McKean had a role in it. He is not in much of the movie, but what he is in took my breath away. More people should really acknowledge that he has so much more to offer than Lenny Kosnowski (Laverne and Shirley) and David St. Hubbins (Spinal Tap). He is a magnificent actor, and one of my very favorites. His performance in \"Across the Moon\" should have gotten much more recognition than it ever did. If you have not seen this movie, rent it, just to see his few lines, and his few scenes. All together, this movie has a nice feel to it, and women would definitely be able to identify with the situations and the characters.",
        "reviewRating": {
            "@type": "Rating",
            "bestRating": 10,
            "ratingValue": 9,
            "worstRating": 1
        }
    },
    "url": "/title/tt0109042/"
}