{
    "@context": "https://schema.org",
    "@type": "Movie",
    "actor": [
        {
            "@type": "Person",
            "name": "Kevin Zegers",
            "url": "/name/nm0954225/"
        },
        {
            "@type": "Person",
            "name": "Cynthia Stevenson",
            "url": "/name/nm0828906/"
        },
        {
            "@type": "Person",
            "name": "Tim Conway",
            "url": "/name/nm0176792/"
        }
    ],
    "aggregateRating": {
        "@type": "AggregateRating",
        "bestRating": 10,
        "ratingCount": 5923,
        "ratingValue": 4.5,
        "worstRating": 1
    },
    "contentRating": "G",
    "creator": [
        {
            "@type": "Organization",
            "url": "/company/co0078167/"
        },
        {
            "@type": "Organization",
            "url": "/company/co0019626/"
        },
        {
            "@type": "Organization",
            "url": "/company/co0054762/"
        },
        {
            "@type": "Person",
            "name": "Kevin DiCicco",
            "url": "/name/nm0225235/"
        },
        {
            "@type": "Person",
            "name": "Paul Tamasy",
            "url": "/name/nm0848496/"
        },
        {
            "@type": "Person",
            "name": "Aaron Mendelsohn",
            "url": "/name/nm0578850/"
        }
    ],
    "datePublished": "1998-08-14",
    "description": "Story of a golden retriever who can play football.",
    "director": [
        {
            "@type": "Person",
            "name": "Richard Martin",
            "url": "/name/nm0552954/"
        }
    ],
    "duration": "PT1H30M",
    "genre": [
        "Comedy",
        "Family",
        "Sport"
    ],
    "image": "https://m.media-amazon.com/images/M/MV5BNjcxMzQ2NDM0NF5BMl5BanBnXkFtZTgwOTI4OTY4ODE@._V1_.jpg",
    "keywords": "russian,golden retriever,dog,dog movie,football movie",
    "name": "Air Bud: Golden Receiver",
    "original_info": {
        "id": "Air Bud: Golden Receiver_1998",
        "name": "Air Bud: Golden Receiver",
        "year": "1998"
    },
    "review": {
        "@type": "Review",
        "author": {
            "@type": "Person",
            "name": "Peter T. Movie"
        },
        "dateCreated": "1999-01-01",
        "inLanguage": "English",
        "itemReviewed": {
            "@type": "CreativeWork",
            "url": "/title/tt0140796/"
        },
        "name": "going too far",
        "reviewBody": "I have nothing against the movie itself. But I think this \"Air Bud\" stuff is going too far. First the dog is playing basket ball, then he is playing foot ball. What's next, golf, tennis, hocky, soccer?! It's just stupid."
    },
    "trailer": {
        "@type": "VideoObject",
        "description": "Trailer",
        "duration": "PT1M",
        "embedUrl": "https://www.imdb.com/video/imdb/vi3192232985",
        "name": "Air Bud: Golden Receiver",
        "thumbnail": {
            "@type": "ImageObject",
            "contentUrl": "https://m.media-amazon.com/images/M/MV5BY2M2ZWFjNzUtYjQ3Zi00YmEyLTk3NjAtMWIxNzdmZWJkOWM4XkEyXkFqcGdeQXVyNzU1NzE3NTg@._V1_.jpg"
        },
        "thumbnailUrl": "https://m.media-amazon.com/images/M/MV5BY2M2ZWFjNzUtYjQ3Zi00YmEyLTk3NjAtMWIxNzdmZWJkOWM4XkEyXkFqcGdeQXVyNzU1NzE3NTg@._V1_.jpg",
        "uploadDate": "2011-09-22T03:04:58Z",
        "url": "https://www.imdb.com/video/vi3192232985/"
    },
    "url": "/title/tt0140796/"
}