{
    "@context": "https://schema.org",
    "@type": "Movie",
    "actor": [
        {
            "@type": "Person",
            "name": "Mathew Bose",
            "url": "/name/nm1265309/"
        },
        {
            "@type": "Person",
            "name": "Mark Dressner",
            "url": "/name/nm9213309/"
        }
    ],
    "aggregateRating": {
        "@type": "AggregateRating",
        "bestRating": 10,
        "ratingCount": 189,
        "ratingValue": 5.9,
        "worstRating": 1
    },
    "contentRating": "Not Rated",
    "creator": [
        {
            "@type": "Organization",
            "url": "/company/co0085694/"
        },
        {
            "@type": "Person",
            "name": "Jennifer Arnold",
            "url": "/name/nm0036496/"
        }
    ],
    "datePublished": "2001-01-01",
    "description": "This documentary emphasizes that people have strong feelings about the mullet - very popular hair style among lesbians, race car drivers and others. The general attitude about the mullet is not all positive; some people are even h...",
    "director": [
        {
            "@type": "Person",
            "name": "Jennifer Arnold",
            "url": "/name/nm0036496/"
        }
    ],
    "duration": "PT52M",
    "genre": [
        "Documentary"
    ],
    "image": "https://m.media-amazon.com/images/M/MV5BMTQ1NjA5MjA0OV5BMl5BanBnXkFtZTcwMzIwMjUyMQ@@._V1_.jpg",
    "keywords": "hair,f rated,haircut",
    "name": "American Mullet",
    "original_info": {
        "id": "American Mullet_2001",
        "name": "American Mullet",
        "year": "2001"
    },
    "review": {
        "@type": "Review",
        "author": {
            "@type": "Person",
            "name": "Doyman-2"
        },
        "dateCreated": "2001-06-23",
        "inLanguage": "English",
        "itemReviewed": {
            "@type": "CreativeWork",
            "url": "/title/tt0284329/"
        },
        "name": "An Epic, Rollercoaster Ride Of Bad Haircuts. Fantastic!",
        "reviewBody": "Be warned. This inspiring, and often camp tale of one man and his mullet will leave you gobsmacked and emotionally distraught for years to come. A great script, colourfully acted and very retro. This film is a must see for all hairdressers and for all those people who dared cutting their own hair themselves."
    },
    "url": "/title/tt0284329/"
}