{
    "@context": "https://schema.org",
    "@type": "Movie",
    "actor": [
        {
            "@type": "Person",
            "name": "Mark Keali'i Ho'omalu",
            "url": "/name/nm1924942/"
        },
        {
            "@type": "Person",
            "name": "Sissy Kaio",
            "url": "/name/nm1959354/"
        },
        {
            "@type": "Person",
            "name": "Patrick Makuakane",
            "url": "/name/nm1963921/"
        }
    ],
    "aggregateRating": {
        "@type": "AggregateRating",
        "bestRating": 10,
        "ratingCount": 13,
        "ratingValue": 7,
        "worstRating": 1
    },
    "creator": [
        {
            "@type": "Organization",
            "url": "/company/co0154338/"
        },
        {
            "@type": "Person",
            "name": "Lisette Marie Flanary",
            "url": "/name/nm0281120/"
        },
        {
            "@type": "Person",
            "name": "Evann Siebens",
            "url": "/name/nm1964377/"
        }
    ],
    "description": "Focuses on the perpetuation of hula among Hawaiians living in California.",
    "director": [
        {
            "@type": "Person",
            "name": "Lisette Marie Flanary",
            "url": "/name/nm0281120/"
        },
        {
            "@type": "Person",
            "name": "Evann Siebens",
            "url": "/name/nm1964377/"
        }
    ],
    "genre": [
        "Documentary"
    ],
    "image": "https://m.media-amazon.com/images/M/MV5BY2Y0Yzg4N2MtN2FiZi00ZjVmLTg1ZjMtODNmYjRjZDA2OTdkXkEyXkFqcGdeQXVyOTQ4OTA3NA@@._V1_.jpg",
    "keywords": "f rated",
    "name": "American Aloha: Hula Beyond Hawai'i",
    "original_info": {
        "id": "American Aloha_2003",
        "name": "American Aloha",
        "year": "2003"
    },
    "url": "/title/tt0466675/"
}