{
    "@context": "https://schema.org",
    "@type": "Movie",
    "actor": [
        {
            "@type": "Person",
            "name": "Finty Williams",
            "url": "/name/nm0930582/"
        },
        {
            "@type": "Person",
            "name": "Derek Jacobi",
            "url": "/name/nm0001394/"
        },
        {
            "@type": "Person",
            "name": "Judi Dench",
            "url": "/name/nm0001132/"
        }
    ],
    "aggregateRating": {
        "@type": "AggregateRating",
        "bestRating": 10,
        "ratingCount": 32,
        "ratingValue": 7.5,
        "worstRating": 1
    },
    "contentRating": "TV-Y7",
    "creator": [
        {
            "@type": "Organization",
            "url": "/company/co0250426/"
        },
        {
            "@type": "Organization",
            "url": "/company/co0029268/"
        },
        {
            "@type": "Organization",
            "url": "/company/co0227714/"
        },
        {
            "@type": "Person",
            "name": "Mellie Buse",
            "url": "/name/nm1896396/"
        },
        {
            "@type": "Person",
            "name": "Helen Craig",
            "url": "/name/nm4475018/"
        },
        {
            "@type": "Person",
            "name": "Katharine Holabird",
            "url": "/name/nm1185150/"
        }
    ],
    "datePublished": "2002-11-30",
    "description": "It's Christmas, and Angelina Mouseling (Finty Williams) is auditioning for the lead role in the musical extravaganza, Cinderella Mouse and the Ugly Whiskers. She is devastated when Penelope Pinkpaws (Jonell Elliott) is chosen to p...",
    "director": [
        {
            "@type": "Person",
            "name": "Kitty Taylor",
            "url": "/name/nm1186424/"
        }
    ],
    "duration": "PT49M",
    "genre": [
        "Animation",
        "Family"
    ],
    "image": "https://m.media-amazon.com/images/M/MV5BMTQ4NTE1Mjc4Nl5BMl5BanBnXkFtZTgwMjk4NTA2MDE@._V1_.jpg",
    "keywords": "mouse,christmas,f rated,talking animal,cartoon mouse",
    "name": "Angelina Ballerina: The Show Must Go On",
    "url": "/title/tt1946134/"
}