{
    "@context": "https://schema.org",
    "@type": "Movie",
    "actor": [
        {
            "@type": "Person",
            "name": "Tetsuya Bessho",
            "url": "/name/nm0078823/"
        },
        {
            "@type": "Person",
            "name": "Alden Crews",
            "url": "/name/nm1504705/"
        },
        {
            "@type": "Person",
            "name": "Masanori Ikeda",
            "url": "/name/nm0407434/"
        }
    ],
    "aggregateRating": {
        "@type": "AggregateRating",
        "bestRating": 10,
        "ratingCount": 152,
        "ratingValue": 4.4,
        "worstRating": 1
    },
    "alternateName": "Art of Fighting",
    "contentRating": "Not Rated",
    "creator": [
        {
            "@type": "Organization",
            "url": "/company/co0025160/"
        },
        {
            "@type": "Organization",
            "url": "/company/co0055016/"
        },
        {
            "@type": "Person",
            "name": "Nobuaki Kishima",
            "url": "/name/nm0457227/"
        }
    ],
    "description": "Ryo Sakazaki and his best friend Robert Garcia must save Ryo's sister from a kidnapping.",
    "director": [
        {
            "@type": "Person",
            "name": "Hiroshi Fukutomi",
            "url": "/name/nm0386410/"
        }
    ],
    "duration": "PT46M",
    "genre": [
        "Animation",
        "Action",
        "Adventure"
    ],
    "image": "https://m.media-amazon.com/images/M/MV5BMjE5NDEzMjg4OV5BMl5BanBnXkFtZTcwNjU5OTgxMQ@@._V1_.jpg",
    "keywords": "anime animation,fighting game,fight,based on video game",
    "name": "Battle Spirits Ryûko no Ken",
    "original_info": {
        "id": "Art of Fighting_1993",
        "name": "Art of Fighting",
        "year": "1993"
    },
    "review": {
        "@type": "Review",
        "author": {
            "@type": "Person",
            "name": "rizwanmalik-04458"
        },
        "dateCreated": "2023-03-02",
        "inLanguage": "English",
        "itemReviewed": {
            "@type": "CreativeWork",
            "url": "/title/tt0167006/"
        },
        "name": "Incomplete story plot.",
        "reviewBody": "I want to say that the story of this movie are spoiled and i want to remake the movies or episodes with good story plot and also include how ryo sakazaki and robert Garcia get power ha du ken etc.\n\nBecause i am great fan of art of fighting all series include Ryo Sakazaki and Robert Garcia.\n\nI request the owner of this movie please remake it with good story plot.\n\nThe movie character is like a doll and moving with the help of string. This is not fair.\n\nArt of Fighting was certainly visually impressive when it arrived in 1992 with large sprites, a good camera system and a (simple) story that works well.",
        "reviewRating": {
            "@type": "Rating",
            "bestRating": 10,
            "ratingValue": 10,
            "worstRating": 1
        }
    },
    "trailer": {
        "@type": "VideoObject",
        "description": "Home Video Trailer from Central Park Media",
        "duration": "PT1M3S",
        "embedUrl": "https://www.imdb.com/video/imdb/vi1770586393",
        "name": "The Art of Fighting",
        "thumbnail": {
            "@type": "ImageObject",
            "contentUrl": "https://m.media-amazon.com/images/M/MV5BMzQ5NWIwMWUtYTBmMy00YTBjLTg5YTctOGQ2NDI1MzFhMzdjXkEyXkFqcGdeQXVyNzU1NzE3NTg@._V1_.jpg"
        },
        "thumbnailUrl": "https://m.media-amazon.com/images/M/MV5BMzQ5NWIwMWUtYTBmMy00YTBjLTg5YTctOGQ2NDI1MzFhMzdjXkEyXkFqcGdeQXVyNzU1NzE3NTg@._V1_.jpg",
        "uploadDate": "2008-04-11T16:10:58Z",
        "url": "https://www.imdb.com/video/vi1770586393/"
    },
    "url": "/title/tt0167006/"
}