{
    "@context": "https://schema.org",
    "@type": "Movie",
    "actor": [
        {
            "@type": "Person",
            "name": "Malgorzata Foremniak",
            "url": "/name/nm0286085/"
        },
        {
            "@type": "Person",
            "name": "Wladyslaw Kowalski",
            "url": "/name/nm0468651/"
        },
        {
            "@type": "Person",
            "name": "Jerzy Gudejko",
            "url": "/name/nm0345616/"
        }
    ],
    "aggregateRating": {
        "@type": "AggregateRating",
        "bestRating": 10,
        "ratingCount": 13465,
        "ratingValue": 6.4,
        "worstRating": 1
    },
    "contentRating": "R",
    "creator": [
        {
            "@type": "Organization",
            "url": "/company/co0193660/"
        },
        {
            "@type": "Organization",
            "url": "/company/co0080697/"
        },
        {
            "@type": "Organization",
            "url": "/company/co0217506/"
        },
        {
            "@type": "Person",
            "name": "Kazunori Itô",
            "url": "/name/nm0411872/"
        }
    ],
    "datePublished": "2001-01-20",
    "description": "In a dystopian world, a woman spends her time playing an illegal and dangerous game, hoping to find meaning in her world.",
    "director": [
        {
            "@type": "Person",
            "name": "Mamoru Oshii",
            "url": "/name/nm0651900/"
        }
    ],
    "duration": "PT1H47M",
    "genre": [
        "Action",
        "Drama",
        "Fantasy"
    ],
    "image": "https://m.media-amazon.com/images/M/MV5BMmVhNDdkMjAtODMyMS00Y2JhLWJmZWYtZDZjYjY3N2NhODY1XkEyXkFqcGdeQXVyMzg2MzE2OTE@._V1_.jpg",
    "keywords": "dystopian sci fi,japanese,poland,helicopter gunship,military helicopter",
    "name": "Avalon",
    "original_info": {
        "id": "Avalon_2001",
        "name": "Avalon",
        "year": "2001"
    },
    "review": {
        "@type": "Review",
        "author": {
            "@type": "Person",
            "name": "Katatonia"
        },
        "dateCreated": "2003-12-17",
        "inLanguage": "English",
        "itemReviewed": {
            "@type": "CreativeWork",
            "url": "/title/tt0267287/"
        },
        "name": "Otherworldy and Beautiful, but not for all.",
        "reviewBody": "Avalon is a beautiful movie, but not for everyone. If you mainly like action or fast-paced movies you may be turned off by some of the slow scenes during the movie. Avalon has action though, and explosions galore. Some of the story is a little ridiculous and hard to follow, but that isn't necessarily a bad thing at all.\n\nThis is the only film I know of that was a co-production of both Japan and Poland. Directed by Mamoru Oshii, but filmed mostly in Poland and in the native Polish language. \n\nWhile watching this movie you get a feeling of a very unique quality. It was filmed (or altered in post) to resemble an old Sepia toned film, but still with the high-resolution of today's film standard. This adds a very bleak and depressive visual style to much of the movie. That's a good thing, because this is not a happy movie in the least.\n\nAvalon relies heavily on CGI throughout the movie, due to the \"cyber game world\" that the movie is largely dealing with. Much of the CGI effects are quite interesting to watch. You can often tell they are CGI effects, but it's obvious that it's a computer dominating world with players inside it.\n\nAnother effective element to the film was the excellent music score by Kenji Kawai. This has to be one of the most beautiful and engaging film scores I've heard in a long time. It ranges through many different forms, even to the operatic. Very layered and complex, yet easy on the ears. Recorded with the Warsaw Philharmonic Orchestra, tons of people played the various musical instruments in the recording of the score, according to the end credits. I would compare it in a sense to Christopher Young's otherworldly and haunting score for the first two Hellraiser films. It's a shame that the soundtrack to Avalon is currently only available as an expensive import CD.\n\nEven if you dislike the film, you must watch it once just for the amazing music...it really is that good."
    },
    "trailer": {
        "@type": "VideoObject",
        "description": "Trailer for Avalon",
        "duration": "PT57S",
        "embedUrl": "https://www.imdb.com/video/imdb/vi1984535577",
        "name": "Avalon (2003)",
        "thumbnail": {
            "@type": "ImageObject",
            "contentUrl": "https://m.media-amazon.com/images/M/MV5BYWFhYTM1NzEtY2I0MC00MWRiLTllYjYtMmFmZjY1ZGZkOThlXkEyXkFqcGdeQXVyNzU1NzE3NTg@._V1_.jpg"
        },
        "thumbnailUrl": "https://m.media-amazon.com/images/M/MV5BYWFhYTM1NzEtY2I0MC00MWRiLTllYjYtMmFmZjY1ZGZkOThlXkEyXkFqcGdeQXVyNzU1NzE3NTg@._V1_.jpg",
        "uploadDate": "2011-09-23T03:06:25Z",
        "url": "https://www.imdb.com/video/vi1984535577/"
    },
    "url": "/title/tt0267287/"
}