{
    "@context": "https://schema.org",
    "@type": "Movie",
    "actor": [
        {
            "@type": "Person",
            "name": "Craig Braginsky",
            "url": "/name/nm1349847/"
        },
        {
            "@type": "Person",
            "name": "Matthew Brann",
            "url": "/name/nm1295859/"
        },
        {
            "@type": "Person",
            "name": "Jesse Colburn",
            "url": "/name/nm1295923/"
        }
    ],
    "aggregateRating": {
        "@type": "AggregateRating",
        "bestRating": 10,
        "ratingCount": 89,
        "ratingValue": 8,
        "worstRating": 1
    },
    "creator": [
        {
            "@type": "Organization",
            "url": "/company/co0067056/"
        }
    ],
    "datePublished": "2003-11-03",
    "description": "Canadian singer Avril Lavigne performs live at the at HSBC Arena in Buffalo, New York as part of her Try to Shut Me Up Tour.",
    "director": [
        {
            "@type": "Person",
            "name": "Bill Crooks",
            "url": "/name/nm1602844/"
        }
    ],
    "duration": "PT1H9M",
    "genre": [
        "Music"
    ],
    "image": "https://m.media-amazon.com/images/M/MV5BYWNhMWYwOTAtMDBjNi00NTZiLWFlMjgtOGM2NDEwMTJhMTZiXkEyXkFqcGdeQXVyMjgzMzAzMjE@._V1_.jpg",
    "keywords": "canadian,name in title,four word title,chart music,cover song",
    "name": "Avril Lavigne: My World",
    "original_info": {
        "id": "Avril Lavigne: My World_2003",
        "name": "Avril Lavigne: My World",
        "year": "2003"
    },
    "trailer": {
        "@type": "VideoObject",
        "description": "Home Video Trailer from 20th Century Fox Home Entertainment",
        "duration": "PT40S",
        "embedUrl": "https://www.imdb.com/video/imdb/vi1589117209",
        "name": "Avril Lavigne: My World",
        "thumbnail": {
            "@type": "ImageObject",
            "contentUrl": "https://m.media-amazon.com/images/M/MV5BOGY3N2YxZjItYmRjNC00YWIwLThhNzctZTExNGFhMDQ5ODJjXkEyXkFqcGdeQXVyNzU1NzE3NTg@._V1_.jpg"
        },
        "thumbnailUrl": "https://m.media-amazon.com/images/M/MV5BOGY3N2YxZjItYmRjNC00YWIwLThhNzctZTExNGFhMDQ5ODJjXkEyXkFqcGdeQXVyNzU1NzE3NTg@._V1_.jpg",
        "uploadDate": "2008-04-11T12:16:25Z",
        "url": "https://www.imdb.com/video/vi1589117209/"
    },
    "url": "/title/tt0759960/"
}