{
    "@context": "https://schema.org",
    "@type": "Movie",
    "actor": [
        {
            "@type": "Person",
            "name": "Fernando Fernán Gómez",
            "url": "/name/nm0273178/"
        },
        {
            "@type": "Person",
            "name": "Jorge Sanz",
            "url": "/name/nm0764450/"
        },
        {
            "@type": "Person",
            "name": "Penélope Cruz",
            "url": "/name/nm0004851/"
        }
    ],
    "aggregateRating": {
        "@type": "AggregateRating",
        "bestRating": 10,
        "ratingCount": 10782,
        "ratingValue": 7.1,
        "worstRating": 1
    },
    "contentRating": "R",
    "creator": [
        {
            "@type": "Organization",
            "url": "/company/co0029292/"
        },
        {
            "@type": "Organization",
            "url": "/company/co0056024/"
        },
        {
            "@type": "Organization",
            "url": "/company/co0081420/"
        },
        {
            "@type": "Person",
            "name": "Rafael Azcona",
            "url": "/name/nm0044156/"
        },
        {
            "@type": "Person",
            "name": "José Luis García Sánchez",
            "url": "/name/nm0305869/"
        },
        {
            "@type": "Person",
            "name": "Fernando Trueba",
            "url": "/name/nm0874096/"
        }
    ],
    "datePublished": "1994-02-25",
    "description": "A 1931 Spanish military deserter finds himself on a lonely farm until the farmer's four daughters pay a visit and he falls for all of them.",
    "director": [
        {
            "@type": "Person",
            "name": "Fernando Trueba",
            "url": "/name/nm0874096/"
        }
    ],
    "duration": "PT1H49M",
    "genre": [
        "Comedy",
        "Drama",
        "Romance"
    ],
    "image": "https://m.media-amazon.com/images/M/MV5BMmZmZDY1MmItNzEzMC00ZGM2LTk2MTQtNzhkNGUxNDZkMjdkXkEyXkFqcGdeQXVyMjA0MzYwMDY@._V1_.jpg",
    "keywords": "dead husband,flatulence,fable,second spanish republic,political uprising",
    "name": "Belle Epoque",
    "original_info": {
        "id": "Belle Epoque_1992",
        "name": "Belle Epoque",
        "year": "1992"
    },
    "review": {
        "@type": "Review",
        "author": {
            "@type": "Person",
            "name": "=G="
        },
        "dateCreated": "2002-09-25",
        "inLanguage": "English",
        "itemReviewed": {
            "@type": "CreativeWork",
            "url": "/title/tt0103791/"
        },
        "name": "Indescribably delicious",
        "reviewBody": "\"Belle Epoque\" is a light-hearted comedy romp which tells of the goings-on at a Spanish villa (circa 1931) involving a patriarch, his four beautiful and amorous daughters, and a wayward young man who can't say \"no\". Fanciful, warm, fun, and sexy, this Oscar winning film flows like honey as it aims for the heart, not the crotch or head, and hits the mark. Most likely to be appreciated by more seasoned viewers with an interest in Europics. (A-)\n\nNote - This film has considerable dialogue making for significant subtitle reading for non-Spanish speakers.",
        "reviewRating": {
            "@type": "Rating",
            "bestRating": 10,
            "ratingValue": 8,
            "worstRating": 1
        }
    },
    "trailer": {
        "@type": "VideoObject",
        "description": "Home Video Trailer from Sony Pictures Classics",
        "duration": "PT2M2S",
        "embedUrl": "https://www.imdb.com/video/imdb/vi3417899289",
        "name": "Belle Epoque",
        "thumbnail": {
            "@type": "ImageObject",
            "contentUrl": "https://m.media-amazon.com/images/M/MV5BNmMzMzM1N2YtYTNmZi00ZTExLTgyZTktMGY1NzE2YjE4ZmUwXkEyXkFqcGdeQXVyNzU1NzE3NTg@._V1_.jpg"
        },
        "thumbnailUrl": "https://m.media-amazon.com/images/M/MV5BNmMzMzM1N2YtYTNmZi00ZTExLTgyZTktMGY1NzE2YjE4ZmUwXkEyXkFqcGdeQXVyNzU1NzE3NTg@._V1_.jpg",
        "uploadDate": "2008-04-11T12:29:54Z",
        "url": "https://www.imdb.com/video/vi3417899289/"
    },
    "url": "/title/tt0103791/"
}