{
    "@context": "https://schema.org",
    "@type": "Movie",
    "actor": [
        {
            "@type": "Person",
            "name": "James Stewart",
            "url": "/name/nm0000071/"
        },
        {
            "@type": "Person",
            "name": "Kim Novak",
            "url": "/name/nm0001571/"
        },
        {
            "@type": "Person",
            "name": "Jack Lemmon",
            "url": "/name/nm0000493/"
        }
    ],
    "aggregateRating": {
        "@type": "AggregateRating",
        "bestRating": 10,
        "ratingCount": 11941,
        "ratingValue": 6.8,
        "worstRating": 1
    },
    "contentRating": "Approved",
    "creator": [
        {
            "@type": "Organization",
            "url": "/company/co0108852/"
        },
        {
            "@type": "Organization",
            "url": "/company/co0873458/"
        },
        {
            "@type": "Person",
            "name": "Daniel Taradash",
            "url": "/name/nm0850168/"
        },
        {
            "@type": "Person",
            "name": "John Van Druten",
            "url": "/name/nm0886668/"
        }
    ],
    "datePublished": "1958-12-19",
    "description": "A modern-day witch likes her neighbor but despises his fiancée, so she enchants him to love her instead.",
    "director": [
        {
            "@type": "Person",
            "name": "Richard Quine",
            "url": "/name/nm0703689/"
        }
    ],
    "duration": "PT1H46M",
    "genre": [
        "Comedy",
        "Fantasy",
        "Romance"
    ],
    "image": "https://m.media-amazon.com/images/M/MV5BMDQ3ODM1YzYtYTZiMy00YWQxLWE2MzAtYWVlM2Q5OWRhYmExXkEyXkFqcGdeQXVyMTMxMTY0OTQ@._V1_.jpg",
    "keywords": "nightclub,witch,christmas,cat,supernatural power",
    "name": "Bell Book and Candle",
    "original_info": {
        "id": "Bell_1958",
        "name": "Bell",
        "year": "1958"
    },
    "review": {
        "@type": "Review",
        "author": {
            "@type": "Person",
            "name": "clydefrogg"
        },
        "dateCreated": "2002-05-20",
        "inLanguage": "English",
        "itemReviewed": {
            "@type": "CreativeWork",
            "url": "/title/tt0051406/"
        },
        "name": "Kim Novak at her best (looking)",
        "reviewBody": "Bell Book and Candle is not a great movie by any means (it's fair), but it's worth checking out for a couple of reasons. First, it's almost hard to believe this is the same Kim Novak that graced the screen in Vertigo the same year. The combination of her manner in this film, and her incredibly striking natural good looks make her almost hypnotic. She wears little or no makeup throughout the film, and looks infinitely better than being slathered in makeup in all her other films. Sharon Stone wishes she looked this good.\n\nThe second reason this film is worth checking out is Jimmy Stewart. Now, while I consider Stewart my favorite actor of all time, there were many instances where he was just not effective in the role he was playing. He's at his best when he's playing the naive sap (Mr. Smith, Destry, Harvey), the everyday man (Made for each other, Philadelphia story), or the straight nose who is thrust into unusual situations (this film, You Can't Take it with you) where he can play off of what's happening to him. His weaker performances, I felt, were in his straight forward dramatic roles (liberty valance, man who knew too much, even Vertigo). This film is a chance to see his everyman thrust into wacky situations. \n\nThis film is a little too tame to be considered screwball, but as with any good screwball, the supporting cast is as important as the leads. Elsa Lanchester, AKA Bride of Frankenstein, is hilarious. Ernie Kovacs, as Sidney Redlitch, is an absolute riot. I had to pause the film when he goes looking for a little \"post holiday cheer\", I was laughing so hard. Then, of course, there's a pre-The Apartment Jack Lemmon in a supporting role, as well. \n\nBell Book and Candle isn't great, and it never really seems sure of what kind of film it's trying to be, but it's pretty funny and worth seeing for the performances alone."
    },
    "trailer": {
        "@type": "VideoObject",
        "description": "Official Trailer",
        "duration": "PT2M37S",
        "embedUrl": "https://www.imdb.com/video/imdb/vi901889817",
        "name": "Bell Book and Candle",
        "thumbnail": {
            "@type": "ImageObject",
            "contentUrl": "https://m.media-amazon.com/images/M/MV5BODVhY2YwODMtZWFiMy00YmI4LWFiMGEtZTM1NjM4MWE0Njg1XkEyXkFqcGdeQTNwaW5nZXN0._V1_.jpg"
        },
        "thumbnailUrl": "https://m.media-amazon.com/images/M/MV5BODVhY2YwODMtZWFiMy00YmI4LWFiMGEtZTM1NjM4MWE0Njg1XkEyXkFqcGdeQTNwaW5nZXN0._V1_.jpg",
        "uploadDate": "2019-11-14T17:22:09.144Z",
        "url": "https://www.imdb.com/video/vi901889817/"
    },
    "url": "/title/tt0051406/"
}