{
    "@context": "https://schema.org",
    "@type": "Movie",
    "actor": [
        {
            "@type": "Person",
            "name": "Christopher Lambert",
            "url": "/name/nm0000483/"
        },
        {
            "@type": "Person",
            "name": "Rhona Mitra",
            "url": "/name/nm0593961/"
        },
        {
            "@type": "Person",
            "name": "Oliver Cotton",
            "url": "/name/nm0183122/"
        }
    ],
    "aggregateRating": {
        "@type": "AggregateRating",
        "bestRating": 10,
        "ratingCount": 12190,
        "ratingValue": 4.1,
        "worstRating": 1
    },
    "contentRating": "R",
    "creator": [
        {
            "@type": "Organization",
            "url": "/company/co0094849/"
        },
        {
            "@type": "Organization",
            "url": "/company/co0060324/"
        },
        {
            "@type": "Organization",
            "url": "/company/co0070928/"
        },
        {
            "@type": "Person",
            "name": "Anonymous",
            "url": "/name/nm1511619/"
        },
        {
            "@type": "Person",
            "name": "Mark Leahy",
            "url": "/name/nm0494996/"
        },
        {
            "@type": "Person",
            "name": "David Chappe",
            "url": "/name/nm0152572/"
        }
    ],
    "datePublished": "1999-04-01",
    "description": "In a besieged land, Beowulf must battle against the hideous creature Grendel and his vengeance seeking mother.",
    "director": [
        {
            "@type": "Person",
            "name": "Graham Baker",
            "url": "/name/nm0048491/"
        }
    ],
    "duration": "PT1H35M",
    "genre": [
        "Action",
        "Adventure",
        "Fantasy"
    ],
    "image": "https://m.media-amazon.com/images/M/MV5BODMzZDVhMGUtNTJmMC00MmIxLTg1YWQtOWE2ZGFmZDU3NmE5XkEyXkFqcGdeQXVyMDEwMjgxNg@@._V1_.jpg",
    "keywords": "battle,knight,monster,warrior,sword and sorcery",
    "name": "Beowulf",
    "original_info": {
        "id": "Beowulf_1999",
        "name": "Beowulf",
        "year": "1999"
    },
    "review": {
        "@type": "Review",
        "author": {
            "@type": "Person",
            "name": "Vomitron_G"
        },
        "dateCreated": "2005-12-04",
        "inLanguage": "English",
        "itemReviewed": {
            "@type": "CreativeWork",
            "url": "/title/tt0120604/"
        },
        "name": "Come on, people, dance, not fight!",
        "reviewBody": "The future of fantasy never looked so dark! Christopher Lambert gets to fight the evil demon Grendel in this grim looking trashy fantasy-epos. \"Epos\" I said? Er... there's only one location, so you can't really call it an epic adventure, can you? The location is a medieval/futuristic 5 inch tall castle, so how did they manage to cram in all the actors? Oh, I get it, those where special effects. A miniature. Silly me.\n\nHere's some reasons why you might want or NOT want to watch this motion picture:\n\n\n* Lambert gets to do his sword-swinging tricks over again like he did in Highlander.\n\n\n\n* The sets and costumes are amazingly cool (if you're a 12-year-old).\n\n\n\n* Rhona Mitra has a voluptuous pair of knockers which she likes to show off through-out the whole movie.\n\n\n\n* ...er, Christopher Lambert has white hair...\n\n\n\n* Every time they start fighting, this over-the-top raving techno-soundtrack gets going. So why are these medieval slayer-dudes fighting while they should be dancing.\n\n\n\n* They don't have electricity in this castle but they do have speakers installed which seem to work fine. So where's the amplifier? I guess they borrowed it from the techno-dj who delivered the soundtrack.\n\n\n\n* Watch it for the climax in the end which features an outrageous demonoïd CGI creature coming straight out of any Playstation 2 survival-horror game.\n\n\nIf all this got you interested, then go watch it (at your own risk), but don't tell anyone I told you to. I strongly suspect Pinhead visiting the set while shooting, because this movie has no soul. Anyway, if you want to see beautiful Rohna Mitra really show some skin, then watch Paul Verhoeven's HOLLOW MAN.",
        "reviewRating": {
            "@type": "Rating",
            "bestRating": 10,
            "ratingValue": 4,
            "worstRating": 1
        }
    },
    "trailer": {
        "@type": "VideoObject",
        "description": "Trailer for Beowulf",
        "duration": "PT47S",
        "embedUrl": "https://www.imdb.com/video/imdb/vi176006681",
        "name": "Beowulf (1999)",
        "thumbnail": {
            "@type": "ImageObject",
            "contentUrl": "https://m.media-amazon.com/images/M/MV5BYTZhYTg3YzktN2UyYi00N2U1LWJmMjctYmM5MDdjODNhNTdhXkEyXkFqcGdeQXVyNzU1NzE3NTg@._V1_.jpg"
        },
        "thumbnailUrl": "https://m.media-amazon.com/images/M/MV5BYTZhYTg3YzktN2UyYi00N2U1LWJmMjctYmM5MDdjODNhNTdhXkEyXkFqcGdeQXVyNzU1NzE3NTg@._V1_.jpg",
        "uploadDate": "2013-05-31T04:04:55Z",
        "url": "https://www.imdb.com/video/vi176006681/"
    },
    "url": "/title/tt0120604/"
}