{
    "@context": "https://schema.org",
    "@type": "Movie",
    "actor": [
        {
            "@type": "Person",
            "name": "Ira Wohl",
            "url": "/name/nm0937390/"
        },
        {
            "@type": "Person",
            "name": "Philip Wohl",
            "url": "/name/nm0937398/"
        },
        {
            "@type": "Person",
            "name": "Zero Mostel",
            "url": "/name/nm0609216/"
        }
    ],
    "aggregateRating": {
        "@type": "AggregateRating",
        "bestRating": 10,
        "ratingCount": 666,
        "ratingValue": 7.8,
        "worstRating": 1
    },
    "creator": [
        {
            "@type": "Organization",
            "url": "/company/co0053090/"
        },
        {
            "@type": "Person",
            "name": "Ira Wohl",
            "url": "/name/nm0937390/"
        }
    ],
    "datePublished": "1981-04-02",
    "description": "In this documentary, the director follows the day-to-day activities of his mentally ill, middle-aged cousin Philly, over a three-year period.",
    "director": [
        {
            "@type": "Person",
            "name": "Ira Wohl",
            "url": "/name/nm0937390/"
        }
    ],
    "duration": "PT1H51M",
    "genre": [
        "Documentary",
        "Biography"
    ],
    "image": "https://m.media-amazon.com/images/M/MV5BMjE5MzAyODI4N15BMl5BanBnXkFtZTcwNTIyNDYyMQ@@._V1_.jpg",
    "keywords": "father son relationship,cousin cousin relationship,mental retardation,jew,aunt nephew relationship",
    "name": "Best Boy",
    "original_info": {
        "id": "Best Boy_1979",
        "name": "Best Boy",
        "year": "1979"
    },
    "review": {
        "@type": "Review",
        "author": {
            "@type": "Person",
            "name": "contactseth-1"
        },
        "dateCreated": "2005-07-07",
        "inLanguage": "English",
        "itemReviewed": {
            "@type": "CreativeWork",
            "url": "/title/tt0078850/"
        },
        "name": "Are You into Film? Or to educate your family?",
        "reviewBody": "After watching this documentary on Zero, a 45 year-old man, with a disability, who must learn how to take care of himself, before his parents, the ones who always took care of zero up until today, dies. A film maker, like myself, thrives, to watch documentaries, this documentaries gave good information on how to do a good documentary. If your looking for a way to educated your children, or change the Way your family thinks, renting this 104 minute movie, will blow them away. it teaches you how the \"outcasts\" or the \"Special needed people,\" have feeling, even though they are different. It really makes you think about your life, and how you should take life for granted. Zero, works hard to change his way of life, and the most difficult challenges, he faces, and though they are tough, Zero, overcomes them, with a shocking and special story to go with it.",
        "reviewRating": {
            "@type": "Rating",
            "bestRating": 10,
            "ratingValue": 9,
            "worstRating": 1
        }
    },
    "url": "/title/tt0078850/"
}