{
    "@context": "https://schema.org",
    "@type": "Movie",
    "actor": [
        {
            "@type": "Person",
            "name": "Rick Moranis",
            "url": "/name/nm0001548/"
        },
        {
            "@type": "Person",
            "name": "Tom Arnold",
            "url": "/name/nm0000792/"
        },
        {
            "@type": "Person",
            "name": "Julianne Phillips",
            "url": "/name/nm0680541/"
        }
    ],
    "aggregateRating": {
        "@type": "AggregateRating",
        "bestRating": 10,
        "ratingCount": 5304,
        "ratingValue": 4.7,
        "worstRating": 1
    },
    "contentRating": "PG",
    "creator": [
        {
            "@type": "Organization",
            "url": "/company/co0033472/"
        },
        {
            "@type": "Organization",
            "url": "/company/co0033412/"
        },
        {
            "@type": "Person",
            "name": "Mark Steven Johnson",
            "url": "/name/nm0425756/"
        }
    ],
    "datePublished": "1996-01-26",
    "description": "A writer returns to his hometown where he faces the childhood nemesis whose life he ultimately ruined, only the bully wants to relive their painful past by torturing him once again.",
    "director": [
        {
            "@type": "Person",
            "name": "Steve Miner",
            "url": "/name/nm0591171/"
        }
    ],
    "duration": "PT1H30M",
    "genre": [
        "Comedy",
        "Thriller"
    ],
    "image": "https://m.media-amazon.com/images/M/MV5BNDdhZTdiOTAtMWNiMC00NDRmLTllZWItYWMzOWZjNDY3ZmRiXkEyXkFqcGdeQXVyNjMwMjk0MTQ@._V1_.jpg",
    "keywords": "close up of eyes,close up of lips,close up of mouth,male protagonist,slimehouse",
    "name": "Big Bully",
    "original_info": {
        "id": "Big Bully_1996",
        "name": "Big Bully",
        "year": "1996"
    },
    "review": {
        "@type": "Review",
        "author": {
            "@type": "Person",
            "name": "alias-4"
        },
        "dateCreated": "1998-10-21",
        "inLanguage": "English",
        "itemReviewed": {
            "@type": "CreativeWork",
            "url": "/title/tt0115676/"
        },
        "name": "Poignant and funny.",
        "reviewBody": "Big Bully is a film filled with laughter and tears. It's the story of a man who loses his family and finds himself in the process. It's about choices, how the small decisions we make can affect us for the rest of our lives. Not for fans of Stephen King."
    },
    "trailer": {
        "@type": "VideoObject",
        "description": "Theatrical Trailer from Warner Bros. Pictures",
        "duration": "PT1M41S",
        "embedUrl": "https://www.imdb.com/video/imdb/vi632946969",
        "name": "Big Bully",
        "thumbnail": {
            "@type": "ImageObject",
            "contentUrl": "https://m.media-amazon.com/images/M/MV5BMzJjZmM5ZDgtNGFhZi00MDczLWJkZDctZDNjMjM4NmQ0NTgwXkEyXkFqcGdeQXVyNzU1NzE3NTg@._V1_.jpg"
        },
        "thumbnailUrl": "https://m.media-amazon.com/images/M/MV5BMzJjZmM5ZDgtNGFhZi00MDczLWJkZDctZDNjMjM4NmQ0NTgwXkEyXkFqcGdeQXVyNzU1NzE3NTg@._V1_.jpg",
        "uploadDate": "2008-04-11T12:33:39Z",
        "url": "https://www.imdb.com/video/vi632946969/"
    },
    "url": "/title/tt0115676/"
}