{
    "@context": "https://schema.org",
    "@type": "Movie",
    "actor": [
        {
            "@type": "Person",
            "name": "Kurt Russell",
            "url": "/name/nm0000621/"
        },
        {
            "@type": "Person",
            "name": "Kim Cattrall",
            "url": "/name/nm0000326/"
        },
        {
            "@type": "Person",
            "name": "Dennis Dun",
            "url": "/name/nm0241748/"
        }
    ],
    "aggregateRating": {
        "@type": "AggregateRating",
        "bestRating": 10,
        "ratingCount": 145193,
        "ratingValue": 7.2,
        "worstRating": 1
    },
    "contentRating": "PG-13",
    "creator": [
        {
            "@type": "Organization",
            "url": "/company/co0000756/"
        },
        {
            "@type": "Organization",
            "url": "/company/co0047779/"
        },
        {
            "@type": "Organization",
            "url": "/company/co0142386/"
        },
        {
            "@type": "Person",
            "name": "Gary Goldman",
            "url": "/name/nm0325778/"
        },
        {
            "@type": "Person",
            "name": "David Z. Weinstein",
            "url": "/name/nm0918434/"
        },
        {
            "@type": "Person",
            "name": "W.D. Richter",
            "url": "/name/nm0725379/"
        }
    ],
    "datePublished": "1986-07-02",
    "description": "A rough-and-tumble trucker and his side kick face off with an ancient sorcerer in a supernatural battle beneath Chinatown.",
    "director": [
        {
            "@type": "Person",
            "name": "John Carpenter",
            "url": "/name/nm0000118/"
        }
    ],
    "duration": "PT1H39M",
    "genre": [
        "Action",
        "Adventure",
        "Comedy"
    ],
    "image": "https://m.media-amazon.com/images/M/MV5BNzlhYjEzOGItN2MwNS00ODRiLWE5OTItYThiNmJlMTdmMzgxXkEyXkFqcGdeQXVyNTAyODkwOQ@@._V1_.jpg",
    "keywords": "truck driver,green eyes,chinatown,1980s,chinese",
    "name": "Big Trouble in Little China",
    "original_info": {
        "id": "Big Trouble_1986",
        "name": "Big Trouble",
        "year": "1986"
    },
    "review": {
        "@type": "Review",
        "author": {
            "@type": "Person",
            "name": "LeonLouisRicci"
        },
        "dateCreated": "2014-05-13",
        "inLanguage": "English",
        "itemReviewed": {
            "@type": "CreativeWork",
            "url": "/title/tt0090728/"
        },
        "name": "High Energy Film that has Attained Cult Status Over the Years",
        "reviewBody": "One of the Best Maverick, B-Movie Directors Ever, John Carpenter has Gained Legions of Fans and has Attained an Almost Deity Status that, say, Roger Corman Never Could, Mostly because of Home Video and the Internet. \n\nHe has Directed a lot of Entertaining Movies, mostly Outside the Hollywood System and has Always been Comfortable Making Low to Mid Budget Movies with that Carpenter Vision. He has made Sure Enough Classics, a Few Mediocre (although His Cult would never admit it) Movies, and a Handful of Bad Ones (Blasphemy).\n\nThis is One that when First Released was Unfairly Maligned, Dismissed, and Outright Blasted by the Critics. It was Ignored at the Box Office and was a Big Flop. But the Director Never thought He was in Big Trouble. He just Continued Making Movies as if Nothing Ever Happened. This Film is Part of the Carpenter Canon and has become a Cult Favorite.\n\nIt is a High Energy Hoot of a Movie. The Director's Homage to those Mystical Asian Movies Full of Sorcery, Fun and Fantasy, Combined with an Over the Top Take on Marital Arts and Monsters. This was a Colorful, Costumed Creation Done with Wire Works and Real Life Make Up with a Minimal Use of the Primitive CGI Available. It is Entertaining as All Get Out.",
        "reviewRating": {
            "@type": "Rating",
            "bestRating": 10,
            "ratingValue": 7,
            "worstRating": 1
        }
    },
    "trailer": {
        "@type": "VideoObject",
        "description": "Home Video Trailer from 20th Century Fox Home Entertainment",
        "duration": "PT2M47S",
        "embedUrl": "https://www.imdb.com/video/imdb/vi1236926745",
        "name": "Big Trouble In Little China",
        "thumbnail": {
            "@type": "ImageObject",
            "contentUrl": "https://m.media-amazon.com/images/M/MV5BYjc0ZmRjN2EtMTM1Mi00Zjk1LTkxMTgtMjE4NDA0NTlkZThiXkEyXkFqcGdeQXVyNzU1NzE3NTg@._V1_.jpg"
        },
        "thumbnailUrl": "https://m.media-amazon.com/images/M/MV5BYjc0ZmRjN2EtMTM1Mi00Zjk1LTkxMTgtMjE4NDA0NTlkZThiXkEyXkFqcGdeQXVyNzU1NzE3NTg@._V1_.jpg",
        "uploadDate": "2008-04-11T12:34:23Z",
        "url": "https://www.imdb.com/video/vi1236926745/"
    },
    "url": "/title/tt0090728/"
}