{
    "@context": "https://schema.org",
    "@type": "Movie",
    "actor": [
        {
            "@type": "Person",
            "name": "Bill Cosby",
            "url": "/name/nm0001070/"
        }
    ],
    "aggregateRating": {
        "@type": "AggregateRating",
        "bestRating": 10,
        "ratingCount": 3601,
        "ratingValue": 8.1,
        "worstRating": 1
    },
    "contentRating": "PG",
    "creator": [
        {
            "@type": "Organization",
            "url": "/company/co0163122/"
        },
        {
            "@type": "Organization",
            "url": "/company/co0130367/"
        },
        {
            "@type": "Person",
            "name": "Bill Cosby",
            "url": "/name/nm0001070/"
        }
    ],
    "datePublished": "1983-05-20",
    "description": "A concert film in which Bill Cosby discusses weekends, raising children, dentists, and many other situations.",
    "director": [
        {
            "@type": "Person",
            "name": "Bill Cosby",
            "url": "/name/nm0001070/"
        }
    ],
    "duration": "PT1H45M",
    "genre": [
        "Documentary",
        "Comedy"
    ],
    "image": "https://m.media-amazon.com/images/M/MV5BMTUyMjg0NjgyOV5BMl5BanBnXkFtZTcwNzE2OTczMQ@@._V1_.jpg",
    "keywords": "stand up,vomiting,parody comedy,dentist,weekend",
    "name": "Bill Cosby: Himself",
    "review": {
        "@type": "Review",
        "author": {
            "@type": "Person",
            "name": "D MIKE V"
        },
        "dateCreated": "1998-10-18",
        "inLanguage": "English",
        "itemReviewed": {
            "@type": "CreativeWork",
            "url": "/title/tt0083652/"
        },
        "name": "This movie has been rated EF (Extremely Funny)",
        "reviewBody": "If you were a Bill Cosby fan & could only see one concert, this would be the one to watch, dealing with such topics as dentists, natural childbirth, getting wasted on Friday night, & the crazy things children do, this movie shows a comic master at his best."
    },
    "trailer": {
        "@type": "VideoObject",
        "description": "Home Video Trailer from 20th Century Fox Home Entertainment",
        "duration": "PT41S",
        "embedUrl": "https://www.imdb.com/video/imdb/vi1136263449",
        "name": "Bill Cosby Himself",
        "thumbnail": {
            "@type": "ImageObject",
            "contentUrl": "https://m.media-amazon.com/images/M/MV5BOGU5YWQzNTMtNzlhZS00ODJiLWI3ZTYtNDc1NDI2NmY5MzI4XkEyXkFqcGdeQXVyNzU1NzE3NTg@._V1_.jpg"
        },
        "thumbnailUrl": "https://m.media-amazon.com/images/M/MV5BOGU5YWQzNTMtNzlhZS00ODJiLWI3ZTYtNDc1NDI2NmY5MzI4XkEyXkFqcGdeQXVyNzU1NzE3NTg@._V1_.jpg",
        "uploadDate": "2008-04-11T12:34:46Z",
        "url": "https://www.imdb.com/video/vi1136263449/"
    },
    "url": "/title/tt0083652/"
}