{
    "@context": "https://schema.org",
    "@type": "Movie",
    "actor": [
        {
            "@type": "Person",
            "name": "Jeff Bridges",
            "url": "/name/nm0000313/"
        },
        {
            "@type": "Person",
            "name": "Tommy Lee Jones",
            "url": "/name/nm0000169/"
        },
        {
            "@type": "Person",
            "name": "Suzy Amis",
            "url": "/name/nm0000751/"
        }
    ],
    "aggregateRating": {
        "@type": "AggregateRating",
        "bestRating": 10,
        "ratingCount": 32276,
        "ratingValue": 6.2,
        "worstRating": 1
    },
    "contentRating": "R",
    "creator": [
        {
            "@type": "Organization",
            "url": "/company/co0007143/"
        },
        {
            "@type": "Organization",
            "url": "/company/co0078090/"
        },
        {
            "@type": "Person",
            "name": "John Rice",
            "url": "/name/nm0723468/"
        },
        {
            "@type": "Person",
            "name": "Joe Batteer",
            "url": "/name/nm0061337/"
        },
        {
            "@type": "Person",
            "name": "Jay Roach",
            "url": "/name/nm0005366/"
        }
    ],
    "datePublished": "1994-07-01",
    "description": "An Irish bomber escapes from prison and targets a member of the Boston bomb squad.",
    "director": [
        {
            "@type": "Person",
            "name": "Stephen Hopkins",
            "url": "/name/nm0394280/"
        }
    ],
    "duration": "PT2H1M",
    "genre": [
        "Action",
        "Crime",
        "Drama"
    ],
    "image": "https://m.media-amazon.com/images/M/MV5BNjA4M2JhZWUtY2ZlNi00YzExLWE1YzEtNTY3Y2E2MzQwOTFjXkEyXkFqcGdeQXVyMjUzOTY1NTc@._V1_.jpg",
    "keywords": "bomb,irish,vomiting,oral sex,classical music",
    "name": "Blown Away",
    "original_info": {
        "id": "Blown Away_1994",
        "name": "Blown Away",
        "year": "1994"
    },
    "review": {
        "@type": "Review",
        "author": {
            "@type": "Person",
            "name": "dvc5159"
        },
        "dateCreated": "2007-10-12",
        "inLanguage": "English",
        "itemReviewed": {
            "@type": "CreativeWork",
            "url": "/title/tt0109303/"
        },
        "name": "Extremely Entertaining Pyrotechnics Showcase.",
        "reviewBody": "Mad bomber formerly associated the IRA escapes from prison and appears in Boston to exact revenge to the man who put him there in the first place - bomb expert Jimmy Dove, a loving family man, with a dark past...\n\nIf this plot seems easy to predict, it is. but it is defended by the superb action sequences filmed, the excellent explosions and also by the great acting by Jeff Bridges and Tommy Lee Jones. The standout goes to Jones, who gives an on-his-own performance as a deranged bomber at war with Jimmy Dove. And although the storyline has a few plot holes, it still manages to carry on as if nothing happened. Director Hopkins, who helmed the gory 1990 sequel to the 1987 action hit Predator, shows his potential for making action sequences as realistic as possible. One example is the abandoned ship explosion. That has what I think the biggest live action film explosion ever! On the MGM DVD the picture is a clear anamorphic 2.35:1 widescreen with super good Dolby Digital 5.1 surround, thus packing a punch for you home theater system.\n\nOverall, solid entertainment, you're not looking for anything like To Kill A Mockingbird, now are you? A treat for action fans and a must have for home theater enthusiasts.\n\n7.65/10 for entertainment, 6.7/10 overall.\n\nDelton",
        "reviewRating": {
            "@type": "Rating",
            "bestRating": 10,
            "ratingValue": 6,
            "worstRating": 1
        }
    },
    "trailer": {
        "@type": "VideoObject",
        "description": "Home Video Trailer from MGM",
        "duration": "PT1M38S",
        "embedUrl": "https://www.imdb.com/video/imdb/vi4225434393",
        "name": "Blown Away",
        "thumbnail": {
            "@type": "ImageObject",
            "contentUrl": "https://m.media-amazon.com/images/M/MV5BNDdhMWYyMmMtOTNlMy00NDRiLTk4ZTktZmM0NGQ3M2RjZjE1XkEyXkFqcGdeQXVyNzU1NzE3NTg@._V1_.jpg"
        },
        "thumbnailUrl": "https://m.media-amazon.com/images/M/MV5BNDdhMWYyMmMtOTNlMy00NDRiLTk4ZTktZmM0NGQ3M2RjZjE1XkEyXkFqcGdeQXVyNzU1NzE3NTg@._V1_.jpg",
        "uploadDate": "2009-01-08T06:13:39Z",
        "url": "https://www.imdb.com/video/vi4225434393/"
    },
    "url": "/title/tt0109303/"
}