{
    "@context": "https://schema.org",
    "@type": "TVSeries",
    "actor": [
        {
            "@type": "Person",
            "name": "Megumi Hayashibara",
            "url": "/name/nm0370677/"
        },
        {
            "@type": "Person",
            "name": "Kazuhiko Inoue",
            "url": "/name/nm0409287/"
        },
        {
            "@type": "Person",
            "name": "Sakiko Tamagawa",
            "url": "/name/nm0848408/"
        }
    ],
    "alternateName": "Blue Seed Omake",
    "creator": [
        {
            "@type": "Organization",
            "url": "/company/co0002212/"
        }
    ],
    "datePublished": "1995-01-21",
    "genre": [
        "Animation",
        "Comedy"
    ],
    "keywords": "tv mini series,anime animation",
    "name": "Buru shido omake",
    "original_info": {
        "id": "Blue Seed_1995",
        "name": "Blue Seed",
        "year": "1995"
    },
    "url": "/title/tt12289398/"
}