{
    "@context": "https://schema.org",
    "@type": "TVEpisode",
    "actor": [
        {
            "@type": "Person",
            "name": "Eddie McCabe",
            "url": "/name/nm0564438/"
        },
        {
            "@type": "Person",
            "name": "Mike Wendt",
            "url": "/name/nm2501560/"
        }
    ],
    "creator": [
        {
            "@type": "Organization",
            "url": "/company/co0806436/"
        },
        {
            "@type": "Organization",
            "url": "/company/co0806435/"
        },
        {
            "@type": "Person",
            "name": "Eddie McCabe",
            "url": "/name/nm0564438/"
        },
        {
            "@type": "Person",
            "name": "Mike Wendt",
            "url": "/name/nm2501560/"
        }
    ],
    "datePublished": "2018-11-05",
    "description": "It's time to put on your finest Italian custom leather dancing shoes and make films sexy again, the way it should be. Mike Wendt and Liam Stryker are taking a look back at Paul Thomas Anderson's incredible 1997 film starring Burt ...",
    "genre": [
        "Comedy",
        "Talk-Show"
    ],
    "image": "https://m.media-amazon.com/images/M/MV5BYjlmYTM1ZDItZGNmZC00MzQ2LTliOWItNTYzYzFkMDMwM2JiXkEyXkFqcGdeQXVyNDYzNzM5NQ@@._V1_.jpg",
    "name": "Boogie Nights (1997)",
    "original_info": {
        "id": "Boogie Nights: Bonus Material_1997",
        "name": "Boogie Nights: Bonus Material",
        "year": "1997"
    },
    "url": "/title/tt13174556/"
}