{
    "@context": "https://schema.org",
    "@type": "Movie",
    "actor": [
        {
            "@type": "Person",
            "name": "Mark Wahlberg",
            "url": "/name/nm0000242/"
        },
        {
            "@type": "Person",
            "name": "Julianne Moore",
            "url": "/name/nm0000194/"
        },
        {
            "@type": "Person",
            "name": "Burt Reynolds",
            "url": "/name/nm0000608/"
        }
    ],
    "aggregateRating": {
        "@type": "AggregateRating",
        "bestRating": 10,
        "ratingCount": 270900,
        "ratingValue": 7.9,
        "worstRating": 1
    },
    "contentRating": "R",
    "creator": [
        {
            "@type": "Organization",
            "url": "/company/co0046718/"
        },
        {
            "@type": "Organization",
            "url": "/company/co0041635/"
        },
        {
            "@type": "Organization",
            "url": "/company/co0027686/"
        },
        {
            "@type": "Person",
            "name": "Paul Thomas Anderson",
            "url": "/name/nm0000759/"
        }
    ],
    "datePublished": "1997-10-31",
    "description": "Back when sex was safe, pleasure was a business and business was booming, an idealistic porn producer aspires to elevate his craft to an art when he discovers a hot young talent.",
    "director": [
        {
            "@type": "Person",
            "name": "Paul Thomas Anderson",
            "url": "/name/nm0000759/"
        }
    ],
    "duration": "PT2H35M",
    "genre": [
        "Drama"
    ],
    "image": "https://m.media-amazon.com/images/M/MV5BY2E2YWYxY2QtZmJmZi00MjJlLWFiYWItZTk5Y2IyMWQ1ZThhXkEyXkFqcGdeQXVyMTMxODk2OTU@._V1_.jpg",
    "keywords": "porn industry,1970s,adult entertainment industry,pornography,nightclub",
    "name": "Boogie Nights",
    "original_info": {
        "id": "Boogie Nights_1997",
        "name": "Boogie Nights",
        "year": "1997"
    },
    "review": {
        "@type": "Review",
        "author": {
            "@type": "Person",
            "name": "hb_ver"
        },
        "dateCreated": "2002-10-15",
        "inLanguage": "English",
        "itemReviewed": {
            "@type": "CreativeWork",
            "url": "/title/tt0118749/"
        },
        "name": "Brilliant, Bold, Powerful!",
        "reviewBody": "Director Paul Thomas Anderson has created a fascinating account of a family of pornographers in the late 1970s. It is a frank, compelling, and disturbing vignette of unforgettable characters. Mark Whalberg (in his best performance to date) plays a well-endowed 17 year old who begins working in the porn industry under porn director Burt Reynolds (in an Oscar nominated performance). John C. Reilly plays a fellow porn star, Julianne Moore (never better) as a famous porn queen, Philip Seymour Hoffman as a timid homosexual porn crew member, William H. Macy as a fatalistic loser who's wife is always cheating on him, and Heather Graham (Reynolds daughter) as a rising porn star. Everybody does a fine job. The best scenes belong to former porn star couple Don Cheadle and Nicole Parker who add some of the comic relief to the film. What's intriguing is the way the actors interact with each other and the way they struggle to find their self-identity, plus a bravura script, colorful and startling cinematography, and a rousing rocking 70s soundtrack that make Boogie Nights one of the best films of 1997. It is a touching, humorous, and shocking film bursting with originality with an overall message of: redemption and forgiveness."
    },
    "trailer": {
        "@type": "VideoObject",
        "description": "\",\"duration\":\"PT2M25S",
        "embedUrl": "https://www.imdb.com/video/imdb/vi2797386265",
        "name": "Official Trailer",
        "thumbnail": {
            "@type": "ImageObject",
            "contentUrl": "https://m.media-amazon.com/images/M/MV5BZWMwZWU0OTMtMjY3Yi00Nzg5LWE5YmUtZTdmNjliZGY2ZDMyXkEyXkFqcGdeQXRodW1ibmFpbC1pbml0aWFsaXplcg@@._V1_.jpg"
        },
        "thumbnailUrl": "https://m.media-amazon.com/images/M/MV5BZWMwZWU0OTMtMjY3Yi00Nzg5LWE5YmUtZTdmNjliZGY2ZDMyXkEyXkFqcGdeQXRodW1ibmFpbC1pbml0aWFsaXplcg@@._V1_.jpg",
        "uploadDate": "2018-09-28T23:04:49.082Z",
        "url": "https://www.imdb.com/video/vi2797386265/"
    },
    "url": "/title/tt0118749/"
}