{
    "@context": "https://schema.org",
    "@type": "Movie",
    "actor": [
        {
            "@type": "Person",
            "name": "Scott Montgomery Bennett",
            "url": "/name/nm0072055/"
        },
        {
            "@type": "Person",
            "name": "Mike D'Amico",
            "url": "/name/nm5570054/"
        },
        {
            "@type": "Person",
            "name": "Jeffrey Foskett",
            "url": "/name/nm3620677/"
        }
    ],
    "aggregateRating": {
        "@type": "AggregateRating",
        "bestRating": 10,
        "ratingCount": 12,
        "ratingValue": 8.6,
        "worstRating": 1
    },
    "creator": [
        {
            "@type": "Organization",
            "url": "/company/co0060763/"
        }
    ],
    "datePublished": "2003-10-20",
    "director": [
        {
            "@type": "Person",
            "name": "John Anderson",
            "url": "/name/nm2001520/"
        }
    ],
    "duration": "PT57M",
    "genre": [
        "Music"
    ],
    "image": "https://m.media-amazon.com/images/M/MV5BOTlhZTg1YjQtYTZkOC00MjQzLTkzZjQtYjk5Yzg3ZjUyZGEwXkEyXkFqcGdeQXVyODY0NzcxNw@@._V1_.jpg",
    "keywords": "singer songwriter,pop concert,pop music,london england,american in london",
    "name": "Brian Wilson Presents Pet Sounds Live in London",
    "original_info": {
        "id": "Brian Wilson: Pet Sounds Live in London_2003",
        "name": "Brian Wilson: Pet Sounds Live in London",
        "year": "2003"
    },
    "url": "/title/tt5949904/"
}