{
    "@context": "https://schema.org",
    "@type": "Movie",
    "actor": [
        {
            "@type": "Person",
            "name": "Britney Spears",
            "url": "/name/nm0005453/"
        },
        {
            "@type": "Person",
            "name": "Matthew Felker",
            "url": "/name/nm1812676/"
        },
        {
            "@type": "Person",
            "name": "Patrick Grasso",
            "url": "/name/nm0335966/"
        }
    ],
    "aggregateRating": {
        "@type": "AggregateRating",
        "bestRating": 10,
        "ratingCount": 189,
        "ratingValue": 6.6,
        "worstRating": 1
    },
    "creator": [
        {
            "@type": "Organization",
            "url": "/company/co0048948/"
        },
        {
            "@type": "Organization",
            "url": "/company/co0029075/"
        }
    ],
    "datePublished": "2004-04-06",
    "description": "A musical documentary featuring Britney Spears, Madonna, and other well known singers.",
    "director": [
        {
            "@type": "Person",
            "name": "Sara Nichols",
            "url": "/name/nm0629725/"
        },
        {
            "@type": "Person",
            "name": "Nick Wickham",
            "url": "/name/nm0926911/"
        },
        {
            "@type": "Person",
            "name": "Paul Hunter",
            "url": "/name/nm0402995/"
        }
    ],
    "duration": "PT1H35M",
    "genre": [
        "Documentary",
        "Music"
    ],
    "image": "https://m.media-amazon.com/images/M/MV5BNjJkOWE3YjEtMjY5OC00MzhlLWE5OWMtNTc0NDZjMWNkZmI1XkEyXkFqcGdeQXVyMjgzMzAzMjE@._V1_.jpg",
    "keywords": "live performance,concert film",
    "name": "Britney Spears: In the Zone",
    "original_info": {
        "id": "Britney Spears: In the Zone_2004",
        "name": "Britney Spears: In the Zone",
        "year": "2004"
    },
    "url": "/title/tt0448891/"
}