{
    "@context": "https://schema.org",
    "@type": "Movie",
    "actor": [
        {
            "@type": "Person",
            "name": "John Carroll Lynch",
            "url": "/name/nm0002253/"
        },
        {
            "@type": "Person",
            "name": "Segun Ajaga",
            "url": "/name/nm0014961/"
        },
        {
            "@type": "Person",
            "name": "Megan Cavanagh",
            "url": "/name/nm0146903/"
        }
    ],
    "aggregateRating": {
        "@type": "AggregateRating",
        "bestRating": 10,
        "ratingCount": 1147,
        "ratingValue": 7.1,
        "worstRating": 1
    },
    "creator": [
        {
            "@type": "Organization",
            "url": "/company/co0037820/"
        },
        {
            "@type": "Person",
            "name": "Matt Manfredi",
            "url": "/name/nm0542062/"
        }
    ],
    "datePublished": "2004-01-22",
    "description": "An eclectic group of individuals in Silverlake are propelled by a series of cause-and-effect chain reactions to a common destiny.",
    "director": [
        {
            "@type": "Person",
            "name": "Phil Hay",
            "url": "/name/nm0006534/"
        },
        {
            "@type": "Person",
            "name": "Matt Manfredi",
            "url": "/name/nm0542062/"
        }
    ],
    "duration": "PT1H26M",
    "genre": [
        "Comedy"
    ],
    "image": "https://m.media-amazon.com/images/M/MV5BMjA2NDYyNTQ5N15BMl5BanBnXkFtZTcwODI5ODgxMQ@@._V1_.jpg",
    "keywords": "chaos theory,cause and effect,cockroach,little boy,restaurant owner",
    "name": "Bug",
    "original_info": {
        "id": "Bug_2002",
        "name": "Bug",
        "year": "2002"
    },
    "review": {
        "@type": "Review",
        "author": {
            "@type": "Person",
            "name": "cjr71244"
        },
        "dateCreated": "2002-06-11",
        "inLanguage": "English",
        "itemReviewed": {
            "@type": "CreativeWork",
            "url": "/title/tt0277615/"
        },
        "name": "Follow the effects of smashing a bug and all the wonderful things it leads to",
        "reviewBody": "I Last night I had the pleasure of seeing the movie BUG at the Florida Film Festival and let me say it was a real treat. The Directors were there and they did a Q&A afterwards. The movie begins with a young boy smashing a roach beneath his foot, a man who is nearby parking his car sees the young boy smash it and runs to ask the kid `why? why? did he have to kill that living creature?' in his rush to counsel the youth in the error of his ways, the man neglects to pay his parking meter, which starts off a whole chain of events involving people not at all related to him, some funny, some sad, and some ridiculous. This movie has a lot of laughs, Lots! and there are many actors which you will recognize. The main actors who stood out in the film for me were: Jamie Kennedy (from his comedy show the Jamie Kennedy Experiment, playing a fortune cookie writer; John Carroll Lynch (who plays Drew's cross dressing brother on the Drew Carey show) playing the animal loving guy who just can't get it right; Brian Cox (The original Hannibal Lecter in Manhunter) playing the germaphobic owner of a Donut and Chinese Food Take Out joint. There is one line where Cox tells his chef to wash off some pigs blood that is on the sidewalk by saying \"clean up that death\" which is quite funny mostly because of Cox's \"obsessed with germs\" delivery. The funniest moment in the movie comes when a young boy imitates his father, whom he heard earlier in the day yell out `MotherF*****', while in the classroom. Another extremely funny and surreal scene is when Trudie Styler (Mrs. Sting herself) and another actor perform a scene on a cable access show, from the film the boy in the plastic bubble. The actor who hosts the cable access show is just amazing he is so serious and deadpan and his performance as both the doctor and the boy in the plastic bubble is enthralling. There are many other fine and funny actors and actresses in this film and having shot it in less than a month with a budget of just about $1 million, the directors Phil Hay and Matt Manfredi (who are screenwriters by trade, having written crazy/beautiful and the upcoming Tuxedo starring Jackie Chan) have achieved a film that is great, funny and endearing.",
        "reviewRating": {
            "@type": "Rating",
            "bestRating": 10,
            "ratingValue": 8,
            "worstRating": 1
        }
    },
    "trailer": {
        "@type": "VideoObject",
        "description": "Home Video Trailer from Wellspring",
        "duration": "PT2M13S",
        "embedUrl": "https://www.imdb.com/video/imdb/vi2092695833",
        "name": "Bug (2002)",
        "thumbnail": {
            "@type": "ImageObject",
            "contentUrl": "https://m.media-amazon.com/images/M/MV5BZGExODU0MDctOTMxOS00MzlkLWExYTAtZmFjYmE5NWJiMTI4XkEyXkFqcGdeQXVyNzU1NzE3NTg@._V1_.jpg"
        },
        "thumbnailUrl": "https://m.media-amazon.com/images/M/MV5BZGExODU0MDctOTMxOS00MzlkLWExYTAtZmFjYmE5NWJiMTI4XkEyXkFqcGdeQXVyNzU1NzE3NTg@._V1_.jpg",
        "uploadDate": "2008-04-11T12:55:52Z",
        "url": "https://www.imdb.com/video/vi2092695833/"
    },
    "url": "/title/tt0277615/"
}