{
    "@context": "https://schema.org",
    "@type": "Movie",
    "actor": [
        {
            "@type": "Person",
            "name": "Madam Suzette",
            "url": "/name/nm1391866/"
        },
        {
            "@type": "Person",
            "name": "Kent Wallace",
            "url": "/name/nm1392186/"
        },
        {
            "@type": "Person",
            "name": "Karla",
            "url": "/name/nm1390051/"
        }
    ],
    "aggregateRating": {
        "@type": "AggregateRating",
        "bestRating": 10,
        "ratingCount": 357,
        "ratingValue": 5.8,
        "worstRating": 1
    },
    "contentRating": "TV-MA",
    "creator": [
        {
            "@type": "Organization",
            "url": "/company/co0230793/"
        },
        {
            "@type": "Person",
            "name": "George Ciccarone",
            "url": "/name/nm1388844/"
        }
    ],
    "datePublished": "2002-12-08",
    "description": "Between March # April 2002 the HBO team went into the legal brothel that is the Bunny Ranch. We meet the owners and the staff as well as some of those coming to use the girls. With hidden cameras we see the girls discussing what t...",
    "director": [
        {
            "@type": "Person",
            "name": "Patti Kaplan",
            "url": "/name/nm0438348/"
        }
    ],
    "duration": "PT1H10M",
    "genre": [
        "Documentary"
    ],
    "image": "https://m.media-amazon.com/images/M/MV5BMTQ4NDk0OTMwOV5BMl5BanBnXkFtZTcwNjIyMTAzMQ@@._V1_.jpg",
    "name": "Cathouse",
    "original_info": {
        "id": "Cathouse_2002",
        "name": "Cathouse",
        "year": "2002"
    },
    "review": {
        "@type": "Review",
        "author": {
            "@type": "Person",
            "name": "MovieAddict2016"
        },
        "dateCreated": "2004-01-12",
        "inLanguage": "English",
        "itemReviewed": {
            "@type": "CreativeWork",
            "url": "/title/tt0359056/"
        },
        "name": "Ridiculous so-called \"documentary\"...",
        "reviewBody": "I saw some of this over in the UK one night and it's just ridiculous. It tries to be a documentary but I agree with the user bob_the_moo (great critic), this is just a stupid erotic HBO special with limited appeal (and we all know what appeal that is). It's sick, twisted, and I turned it off."
    },
    "url": "/title/tt0359056/"
}