{
    "@context": "https://schema.org",
    "@type": "Movie",
    "actor": [
        {
            "@type": "Person",
            "name": "Steve Martin",
            "url": "/name/nm0000188/"
        },
        {
            "@type": "Person",
            "name": "Bonnie Hunt",
            "url": "/name/nm0001372/"
        },
        {
            "@type": "Person",
            "name": "Hilary Duff",
            "url": "/name/nm0240381/"
        }
    ],
    "aggregateRating": {
        "@type": "AggregateRating",
        "bestRating": 10,
        "ratingCount": 104623,
        "ratingValue": 5.9,
        "worstRating": 1
    },
    "contentRating": "PG",
    "creator": [
        {
            "@type": "Organization",
            "url": "/company/co0000756/"
        },
        {
            "@type": "Organization",
            "url": "/company/co0033486/"
        },
        {
            "@type": "Person",
            "name": "Frank B. Gilbreth Jr.",
            "url": "/name/nm0318326/"
        },
        {
            "@type": "Person",
            "name": "Ernestine Gilbreth Carey",
            "url": "/name/nm0136950/"
        },
        {
            "@type": "Person",
            "name": "Craig Titley",
            "url": "/name/nm0864471/"
        }
    ],
    "datePublished": "2003-12-25",
    "description": "With his wife doing a book tour, a father of twelve must handle a new job and his unstable brood.",
    "director": [
        {
            "@type": "Person",
            "name": "Shawn Levy",
            "url": "/name/nm0506613/"
        }
    ],
    "duration": "PT1H38M",
    "genre": [
        "Comedy",
        "Family"
    ],
    "image": "https://m.media-amazon.com/images/M/MV5BMTg0NzYxMjY0Ml5BMl5BanBnXkFtZTcwOTU0NDczMw@@._V1_.jpg",
    "keywords": "child vomiting,child answering the telephone,flip phone,telephone call,frog in pocket",
    "name": "Cheaper by the Dozen",
    "original_info": {
        "id": "Cheaper by the Dozen_2003",
        "name": "Cheaper by the Dozen",
        "year": "2003"
    },
    "review": {
        "@type": "Review",
        "author": {
            "@type": "Person",
            "name": "ma-cortes"
        },
        "dateCreated": "2006-04-25",
        "inLanguage": "English",
        "itemReviewed": {
            "@type": "CreativeWork",
            "url": "/title/tt0349205/"
        },
        "name": "Steve Martin's entertaining vehicle with young people and agreeable actors",
        "reviewBody": "The film deals about a happy family , the father (Steve Martin) is a notorious coach and the mother (Bonnie Hunt) is a writer and with twelve sons (Tom Welling, Piper Perabo, Hilary Duff..) . He receives a new offer as a trainer of a famous football team . She obtains her dream for the publishing the book titled : ¨Cheaper by the dozen¨. With the new job , they must change from a small city to the big town . Steve Martin ought to keep the familiar order involving in his own home while at the same time training the team .\n\nThe picture is pretty entertaining and amusing , the film contains bemusing scenes and continuous laughters and various chuckles with lots of fun . It's a new version of the classic film with similar title featured by Clifton Webb and Myrna Loy adding episodes from ¨Home Alone¨ as when Ashton Kutcher (uncredited) , being the Pier Perabo's boyfriend , suffers numerous jokes and misfortunes in charge of the brothers , likeness to thieves from former film . The picture belongs to numerous family sub-genre whose maxim representation is ¨Yours , mine and ours¨ with Henry Fonda and Lucille Ball and recently remade with Dennis Quaid and Rene Russo . Steve Martin , as always , plays as excessive manner , making an authentic recital , if you like Martin's crazy interpretation , you'll enjoy this one . Besides , there appears as sons , known and young actors as Tom Welling (Smallville) , Hilary Duff (LizzyMcGuire) , Piper Perabo (Bar Coyote) and Ashton Kutcher(Guess) . The motion picture was well realized by Shawn Levy and with the same equipment was shot the second part . The flick will appeal to familiar films enthusiasts and Steve Martin fans.",
        "reviewRating": {
            "@type": "Rating",
            "bestRating": 10,
            "ratingValue": 6,
            "worstRating": 1
        }
    },
    "trailer": {
        "@type": "VideoObject",
        "description": "Trailer",
        "duration": "PT34S",
        "embedUrl": "https://www.imdb.com/video/imdb/vi29229337",
        "name": "Cheaper by the Dozen",
        "thumbnail": {
            "@type": "ImageObject",
            "contentUrl": "https://m.media-amazon.com/images/M/MV5BOTRlNzhmNjktMmVmMi00YTI3LWI2ZDEtNDM0ZDA0MTg0NDczXkEyXkFqcGdeQXVyNzU1NzE3NTg@._V1_.jpg"
        },
        "thumbnailUrl": "https://m.media-amazon.com/images/M/MV5BOTRlNzhmNjktMmVmMi00YTI3LWI2ZDEtNDM0ZDA0MTg0NDczXkEyXkFqcGdeQXVyNzU1NzE3NTg@._V1_.jpg",
        "uploadDate": "2008-04-11T13:21:06Z",
        "url": "https://www.imdb.com/video/vi29229337/"
    },
    "url": "/title/tt0349205/"
}