{
    "@context": "https://schema.org",
    "@type": "Movie",
    "actor": [
        {
            "@type": "Person",
            "name": "Chris Rock",
            "url": "/name/nm0001674/"
        },
        {
            "@type": "Person",
            "name": "Slick Rick",
            "url": "/name/nm0725428/"
        },
        {
            "@type": "Person",
            "name": "Doug E. Fresh",
            "url": "/name/nm0294366/"
        }
    ],
    "aggregateRating": {
        "@type": "AggregateRating",
        "bestRating": 10,
        "ratingCount": 7312,
        "ratingValue": 8,
        "worstRating": 1
    },
    "contentRating": "TV-MA",
    "creator": [
        {
            "@type": "Organization",
            "url": "/company/co0093160/"
        },
        {
            "@type": "Organization",
            "url": "/company/co0070636/"
        },
        {
            "@type": "Organization",
            "url": "/company/co0137915/"
        },
        {
            "@type": "Person",
            "name": "Chris Rock",
            "url": "/name/nm0001674/"
        }
    ],
    "datePublished": "1999-07-10",
    "description": "Chris Rock's third HBO comedy special shows him performing his stand-up routine at Apollo Theater in Harlem.",
    "director": [
        {
            "@type": "Person",
            "name": "Keith Truesdell",
            "url": "/name/nm0874133/"
        }
    ],
    "duration": "PT1H5M",
    "genre": [
        "Documentary",
        "Comedy"
    ],
    "image": "https://m.media-amazon.com/images/M/MV5BODQzOWExYjktZDQ2OC00YTA5LWI3YzctMDFjNjc3ZTM5NTA0XkEyXkFqcGdeQXVyMTk3NDAwMzI@._V1_.jpg",
    "keywords": "stand up,actor plays himself,satire comedy,parody comedy,racism",
    "name": "Chris Rock: Bigger & Blacker",
    "original_info": {
        "id": "Chris Rock: Bigger & Blacker_1999",
        "name": "Chris Rock: Bigger & Blacker",
        "year": "1999"
    },
    "review": {
        "@type": "Review",
        "author": {
            "@type": "Person",
            "name": "mein4182"
        },
        "dateCreated": "2002-07-18",
        "inLanguage": "English",
        "itemReviewed": {
            "@type": "CreativeWork",
            "url": "/title/tt0206636/"
        },
        "name": "very funny",
        "reviewBody": "man this show was great. i saw it on hbo. and i give it 10/10. the jokes were funny and chris rock is very hilarious. if you hate foul language, then this show is not for you. but if you can take the foul language then watch it. you'll be crying from laughter."
    },
    "trailer": {
        "@type": "VideoObject",
        "description": "Home Video Trailer from HBO Home Video",
        "duration": "PT2M3S",
        "embedUrl": "https://www.imdb.com/video/imdb/vi1153302809",
        "name": "Chris Rock: Bigger & Blacker",
        "thumbnail": {
            "@type": "ImageObject",
            "contentUrl": "https://m.media-amazon.com/images/M/MV5BNTdlMWY0YmQtNDYyYy00Yjc2LWE5MzctOTRhN2EwM2M0MGRhXkEyXkFqcGdeQXVyNzU1NzE3NTg@._V1_.jpg"
        },
        "thumbnailUrl": "https://m.media-amazon.com/images/M/MV5BNTdlMWY0YmQtNDYyYy00Yjc2LWE5MzctOTRhN2EwM2M0MGRhXkEyXkFqcGdeQXVyNzU1NzE3NTg@._V1_.jpg",
        "uploadDate": "2008-04-11T13:23:26Z",
        "url": "https://www.imdb.com/video/vi1153302809/"
    },
    "url": "/title/tt0206636/"
}