{
    "@context": "https://schema.org",
    "@type": "Movie",
    "actor": [
        {
            "@type": "Person",
            "name": "John Ritter",
            "url": "/name/nm0000615/"
        },
        {
            "@type": "Person",
            "name": "Cree Summer",
            "url": "/name/nm0838588/"
        },
        {
            "@type": "Person",
            "name": "Kel Mitchell",
            "url": "/name/nm0005239/"
        }
    ],
    "aggregateRating": {
        "@type": "AggregateRating",
        "bestRating": 10,
        "ratingCount": 1014,
        "ratingValue": 5.4,
        "worstRating": 1
    },
    "contentRating": "G",
    "creator": [
        {
            "@type": "Organization",
            "url": "/company/co0120338/"
        },
        {
            "@type": "Organization",
            "url": "/company/co0012870/"
        },
        {
            "@type": "Organization",
            "url": "/company/co0004340/"
        },
        {
            "@type": "Person",
            "name": "Rhett Reese",
            "url": "/name/nm1014201/"
        },
        {
            "@type": "Person",
            "name": "Robert C. Ramirez",
            "url": "/name/nm0708371/"
        },
        {
            "@type": "Person",
            "name": "Norman Bridwell",
            "url": "/name/nm1434696/"
        }
    ],
    "datePublished": "2004-04-23",
    "description": "Worried that he costs too much to feed, Clifford runs away to join a carnival act and help win a lifetime supply of Tummy Yummies.",
    "director": [
        {
            "@type": "Person",
            "name": "Robert C. Ramirez",
            "url": "/name/nm0708371/"
        },
        {
            "@type": "Person",
            "name": "Steve Trenbirth",
            "url": "/name/nm0872045/"
        }
    ],
    "duration": "PT1H14M",
    "genre": [
        "Animation",
        "Adventure",
        "Comedy"
    ],
    "image": "https://m.media-amazon.com/images/M/MV5BOWI3NjA0NTMtNTQ0Yy00YzdkLWIwOTYtOGM4OTJlMjRkNmVkXkEyXkFqcGdeQXVyODUzMjQxMTA@._V1_.jpg",
    "keywords": "animal character name in title,four word title,red,cartoon dog,dog",
    "name": "Clifford's Really Big Movie",
    "original_info": {
        "id": "Clifford's Really Big Movie_2004",
        "name": "Clifford's Really Big Movie",
        "year": "2004"
    },
    "review": {
        "@type": "Review",
        "author": {
            "@type": "Person",
            "name": "milesrob-172601"
        },
        "dateCreated": "2019-10-24",
        "inLanguage": "English",
        "itemReviewed": {
            "@type": "CreativeWork",
            "url": "/title/tt0398872/"
        },
        "name": "Very Good movie and Finale to Clifford. Loved it!",
        "reviewBody": "I had this movie on DVD for so many years now but until it stopped working. I really glad i watched this movie i had such good memories of still having it. Clifford Runs away from Emily to help join a Circus with Larry and his animals. Cleo and T-Bone join him. But It was emotional towards the End it says This is for John. that was so Sad honestly knowing He was Clifford's voice actor.\n\nClifford and Emily Elizabeth! Forever! ♥♥",
        "reviewRating": {
            "@type": "Rating",
            "bestRating": 10,
            "ratingValue": 10,
            "worstRating": 1
        }
    },
    "trailer": {
        "@type": "VideoObject",
        "description": "Home Video Trailer from Warner Home Video",
        "duration": "PT1M20S",
        "embedUrl": "https://www.imdb.com/video/imdb/vi3669885209",
        "name": "Clifford's Really Big Movie",
        "thumbnail": {
            "@type": "ImageObject",
            "contentUrl": "https://m.media-amazon.com/images/M/MV5BOTUzY2FiZmUtNjA4My00OWQ0LWI1NTEtYWRmMjdmYjIwMWQ2XkEyXkFqcGdeQXVyNzU1NzE3NTg@._V1_.jpg"
        },
        "thumbnailUrl": "https://m.media-amazon.com/images/M/MV5BOTUzY2FiZmUtNjA4My00OWQ0LWI1NTEtYWRmMjdmYjIwMWQ2XkEyXkFqcGdeQXVyNzU1NzE3NTg@._V1_.jpg",
        "uploadDate": "2008-04-11T13:26:58Z",
        "url": "https://www.imdb.com/video/vi3669885209/"
    },
    "url": "/title/tt0398872/"
}