{
    "@context": "https://schema.org",
    "@type": "Movie",
    "actor": [
        {
            "@type": "Person",
            "name": "Jodie Foster",
            "url": "/name/nm0000149/"
        },
        {
            "@type": "Person",
            "name": "Matthew McConaughey",
            "url": "/name/nm0000190/"
        },
        {
            "@type": "Person",
            "name": "Tom Skerritt",
            "url": "/name/nm0000643/"
        }
    ],
    "aggregateRating": {
        "@type": "AggregateRating",
        "bestRating": 10,
        "ratingCount": 280211,
        "ratingValue": 7.5,
        "worstRating": 1
    },
    "contentRating": "PG",
    "creator": [
        {
            "@type": "Organization",
            "url": "/company/co0002663/"
        },
        {
            "@type": "Organization",
            "url": "/company/co0058978/"
        },
        {
            "@type": "Person",
            "name": "James V. Hart",
            "url": "/name/nm0366337/"
        },
        {
            "@type": "Person",
            "name": "Michael Goldenberg",
            "url": "/name/nm0325533/"
        },
        {
            "@type": "Person",
            "name": "Carl Sagan",
            "url": "/name/nm0755981/"
        }
    ],
    "datePublished": "1997-07-11",
    "description": "Dr. Ellie Arroway, after years of searching, finds conclusive radio proof of extraterrestrial intelligence, sending plans for a mysterious machine.",
    "director": [
        {
            "@type": "Person",
            "name": "Robert Zemeckis",
            "url": "/name/nm0000709/"
        }
    ],
    "duration": "PT2H30M",
    "genre": [
        "Drama",
        "Mystery",
        "Sci-Fi"
    ],
    "image": "https://m.media-amazon.com/images/M/MV5BYWNkYmFiZjUtYmI3Ni00NzIwLTkxZjktN2ZkMjdhMzlkMDc3XkEyXkFqcGdeQXVyNDk3NzU2MTQ@._V1_.jpg",
    "keywords": "first contact,wormhole,nasa,religion,message from outer space",
    "name": "Contact",
    "original_info": {
        "id": "Contact_1997",
        "name": "Contact",
        "year": "1997"
    },
    "review": {
        "@type": "Review",
        "author": {
            "@type": "Person",
            "name": "CrazyArty"
        },
        "dateCreated": "2022-01-05",
        "inLanguage": "English",
        "itemReviewed": {
            "@type": "CreativeWork",
            "url": "/title/tt0118884/"
        },
        "name": "Excellent concept but does not fulfil potential",
        "reviewBody": "A dedicated astronomer (Jodie Foster) discovers a message sent from a distant planet and manages to decode it's surprising contents.\n\nExcellent sci-fi concept with a strong performance from Foster.\n\nI mostly enjoyed the film. I liked the scientific angle but I thought the religious aspect was too prominent. I also felt that the romance elements did not add much.\n\nI found the later parts disappointing. The film promised so much but ultimately did not fulfil it's potential.",
        "reviewRating": {
            "@type": "Rating",
            "bestRating": 10,
            "ratingValue": 7,
            "worstRating": 1
        }
    },
    "trailer": {
        "@type": "VideoObject",
        "description": "Blu-Ray trailer for this science fiction film starring Jodie Foster",
        "duration": "PT32S",
        "embedUrl": "https://www.imdb.com/video/imdb/vi2509177369",
        "name": "Contact",
        "thumbnail": {
            "@type": "ImageObject",
            "contentUrl": "https://m.media-amazon.com/images/M/MV5BZWY3YTgxNDctZmE2My00MmIwLTg5ZDktODEzNGQwODQ4NjM5XkEyXkFqcGdeQXVyNzU1NzE3NTg@._V1_.jpg"
        },
        "thumbnailUrl": "https://m.media-amazon.com/images/M/MV5BZWY3YTgxNDctZmE2My00MmIwLTg5ZDktODEzNGQwODQ4NjM5XkEyXkFqcGdeQXVyNzU1NzE3NTg@._V1_.jpg",
        "uploadDate": "2009-06-10T03:28:28Z",
        "url": "https://www.imdb.com/video/vi2509177369/"
    },
    "url": "/title/tt0118884/"
}