{
    "@context": "https://schema.org",
    "@type": "Movie",
    "actor": [
        {
            "@type": "Person",
            "name": "Omar Epps",
            "url": "/name/nm0004898/"
        },
        {
            "@type": "Person",
            "name": "Dana Delany",
            "url": "/name/nm0001127/"
        },
        {
            "@type": "Person",
            "name": "Charles S. Dutton",
            "url": "/name/nm0001165/"
        }
    ],
    "aggregateRating": {
        "@type": "AggregateRating",
        "bestRating": 10,
        "ratingCount": 360,
        "ratingValue": 6.3,
        "worstRating": 1
    },
    "contentRating": "R",
    "creator": [
        {
            "@type": "Organization",
            "url": "/company/co0053559/"
        },
        {
            "@type": "Organization",
            "url": "/company/co0002225/"
        },
        {
            "@type": "Organization",
            "url": "/company/co0052980/"
        },
        {
            "@type": "Person",
            "name": "Carl Upchurch",
            "url": "/name/nm1100761/"
        },
        {
            "@type": "Person",
            "name": "Jon Huffman",
            "url": "/name/nm0400277/"
        }
    ],
    "datePublished": "2002-09-29",
    "description": "True story about author and activist Carl Upchurch, a hardcore felon who managed to educate himself and developed a spiritual awakening during one of his numerous stints inside prison.",
    "director": [
        {
            "@type": "Person",
            "name": "Kevin Rodney Sullivan",
            "url": "/name/nm0838198/"
        }
    ],
    "duration": "PT1H39M",
    "genre": [
        "Drama",
        "Thriller"
    ],
    "image": "https://m.media-amazon.com/images/M/MV5BMTUwODMwMjMzMF5BMl5BanBnXkFtZTcwOTQ5MzYyMQ@@._V1_.jpg",
    "keywords": "male frontal nudity,male nudity,male rear nudity,prison,shower",
    "name": "Conviction",
    "original_info": {
        "id": "Conviction_2002",
        "name": "Conviction",
        "year": "2002"
    },
    "review": {
        "@type": "Review",
        "author": {
            "@type": "Person",
            "name": "MLDinTN"
        },
        "dateCreated": "2002-10-14",
        "inLanguage": "English",
        "itemReviewed": {
            "@type": "CreativeWork",
            "url": "/title/tt0285485/"
        },
        "name": "nothing great",
        "reviewBody": "I like Omar Epps, but he isn't that interesting in this movie. This movie is just too slow and the plot is just not entertaining. He gets out of jail, goes back, gets out again. Changes his life and tries to stop gang violence. That's a steep goal for an ex-con.\n\n FINAL VERDICT: Rather boring. Nothing exciting even happens in prison."
    },
    "url": "/title/tt0285485/"
}