{
    "@context": "https://schema.org",
    "@type": "Movie",
    "actor": [
        {
            "@type": "Person",
            "name": "John Wayne",
            "url": "/name/nm0000078/"
        },
        {
            "@type": "Person",
            "name": "Vera Ralston",
            "url": "/name/nm0707843/"
        },
        {
            "@type": "Person",
            "name": "Walter Brennan",
            "url": "/name/nm0000974/"
        }
    ],
    "aggregateRating": {
        "@type": "AggregateRating",
        "bestRating": 10,
        "ratingCount": 1616,
        "ratingValue": 5.9,
        "worstRating": 1
    },
    "contentRating": "Passed",
    "creator": [
        {
            "@type": "Organization",
            "url": "/company/co0020540/"
        },
        {
            "@type": "Person",
            "name": "Lawrence Hazard",
            "url": "/name/nm0371907/"
        },
        {
            "@type": "Person",
            "name": "Howard Estabrook",
            "url": "/name/nm0261455/"
        },
        {
            "@type": "Person",
            "name": "Carl Foreman",
            "url": "/name/nm0286025/"
        }
    ],
    "datePublished": "1945-12-25",
    "description": "In 1871 Dakota, two crooked businessmen oppose the local wheat farmers and the railroad development to control the town of Fargo.",
    "director": [
        {
            "@type": "Person",
            "name": "Joseph Kane",
            "url": "/name/nm0437356/"
        }
    ],
    "duration": "PT1H22M",
    "genre": [
        "Drama",
        "Western"
    ],
    "image": "https://m.media-amazon.com/images/M/MV5BOTcyMDA5YTYtZDA0Zi00Zjg5LWExZmUtMDE3OTNkNjIzYzA4XkEyXkFqcGdeQXVyMTMxMTY0OTQ@._V1_.jpg",
    "keywords": "one word title,state name in title,old west,wild west,dakota",
    "name": "Dakota",
    "review": {
        "@type": "Review",
        "author": {
            "@type": "Person",
            "name": "craig_smith9"
        },
        "dateCreated": "2000-01-24",
        "inLanguage": "English",
        "itemReviewed": {
            "@type": "CreativeWork",
            "url": "/title/tt0037627/"
        },
        "name": "One of the best of the one hour Republic oaters",
        "reviewBody": "This is possibly the best of the one hour movies that John Wayne made for Republic Pictures. From the opening sequence the film moves at a brisk pace. Although the theme is one of helping people protect their lands and their future, there are also lighter moments of comedy.",
        "reviewRating": {
            "@type": "Rating",
            "bestRating": 10,
            "ratingValue": 7,
            "worstRating": 1
        }
    },
    "url": "/title/tt0037627/"
}