{
    "@context": "https://schema.org",
    "@type": "Movie",
    "actor": [
        {
            "@type": "Person",
            "name": "Justin Herbert",
            "url": "/name/nm11037373/"
        },
        {
            "@type": "Person",
            "name": "LaDainian Tomlinson",
            "url": "/name/nm1822608/"
        }
    ],
    "datePublished": "2022-08-20",
    "director": [
        {
            "@type": "Person",
            "name": "Mike Arnold",
            "url": "/name/nm2522400/"
        }
    ],
    "genre": [
        "Sport"
    ],
    "image": "https://m.media-amazon.com/images/M/MV5BYWQ1NmQzNjQtZTI2MS00MzZjLThmNTgtZDkzOGM0MTdjNTQyXkEyXkFqcGdeQXVyODkwMzE1OQ@@._V1_.jpg",
    "keywords": "tv special",
    "name": "Dallas Cowboys @ Los Angeles Chargers Preseason",
    "original_info": {
        "id": "Dallas: Seasons 1 & 2_1978",
        "name": "Dallas: Seasons 1 & 2",
        "year": "1978"
    },
    "url": "/title/tt21867080/"
}