{
    "@context": "https://schema.org",
    "@type": "Movie",
    "actor": [
        {
            "@type": "Person",
            "name": "Saif Ali Khan",
            "url": "/name/nm0451307/"
        },
        {
            "@type": "Person",
            "name": "Sameera Reddy",
            "url": "/name/nm1213820/"
        },
        {
            "@type": "Person",
            "name": "Vivek Oberoi",
            "url": "/name/nm1059103/"
        }
    ],
    "aggregateRating": {
        "@type": "AggregateRating",
        "bestRating": 10,
        "ratingCount": 3616,
        "ratingValue": 6.3,
        "worstRating": 1
    },
    "contentRating": "Not Rated",
    "creator": [
        {
            "@type": "Organization",
            "url": "/company/co0098649/"
        },
        {
            "@type": "Organization",
            "url": "/company/co0018751/"
        },
        {
            "@type": "Person",
            "name": "Atul Sabharwal",
            "url": "/name/nm1387177/"
        },
        {
            "@type": "Person",
            "name": "Rajnish Thakur",
            "url": "/name/nm1186435/"
        },
        {
            "@type": "Person",
            "name": "Abbas Tyrewala",
            "url": "/name/nm1063072/"
        }
    ],
    "datePublished": "2003-07-25",
    "description": "After their car breaks down in the middle of the night, seven friends find shelter and tell one another stories to kill time till dawn.",
    "director": [
        {
            "@type": "Person",
            "name": "Prawaal Raman",
            "url": "/name/nm1210614/"
        }
    ],
    "duration": "PT2H1M",
    "genre": [
        "Horror"
    ],
    "image": "https://m.media-amazon.com/images/M/MV5BMTQ0Njk4NTQyM15BMl5BanBnXkFtZTcwNzg2ODgzMQ@@._V1_.jpg",
    "keywords": "car,power,group of friends,apple,reference to tom and jerry",
    "name": "Darna Mana Hai",
    "review": {
        "@type": "Review",
        "author": {
            "@type": "Person",
            "name": "khaitan_pratyush"
        },
        "dateCreated": "2003-07-26",
        "inLanguage": "English",
        "itemReviewed": {
            "@type": "CreativeWork",
            "url": "/title/tt0349333/"
        },
        "name": "Innovative movie",
        "reviewBody": "Darna Mana Hai turned out to be a movie you can watch once. It is a ghost movie having 6 stories in one story. 7 youngsters are travelling in a car through an empty road late at night. Suddenly the car has a puncture and leads to 6 of them spotting a lantern in the forest and a cozy place where sone one apparently resides( it is a an open courtyard basically). So they light a fire and start saying ghost stories. The first of the 6 stories was pretty horrific featuring Antramali. One by one the youngsters go to the car and are murdered mysteriously. The second and third horror stories were more of comedies and the movie got less horrific after the initial 20 minutes. There are big bollywood stars featuring in the stories like Vivek Oberoi, Nana Patekar, Shipa Shetty, Saif Khan and many others as well. I was startled atleast 4 times in the movie and scared my friend in the process too. It was a movie which was not as good as I had expected it to be. Yet it is interesting and atleast it is innovative which is what I like about movies.",
        "reviewRating": {
            "@type": "Rating",
            "bestRating": 10,
            "ratingValue": 7,
            "worstRating": 1
        }
    },
    "trailer": {
        "@type": "VideoObject",
        "description": "Five children take shelter from the rain, inside a spooky bungalow. Encountering an old woman, they follow her upstairs where she proceeds to tell them six scary stories.",
        "duration": "PT1M21S",
        "embedUrl": "https://www.imdb.com/video/imdb/vi2991046425",
        "name": "Darna Zaroori Hai - You Gotta Be Scared (2006) Trailer",
        "thumbnail": {
            "@type": "ImageObject",
            "contentUrl": "https://m.media-amazon.com/images/M/MV5BOWYzMzdiNGUtN2U2ZC00MGVlLThjYTQtYzI1MWUwYjNkOGE3XkEyXkFqcGdeQXRyYW5zY29kZS13b3JrZmxvdw@@._V1_.jpg"
        },
        "thumbnailUrl": "https://m.media-amazon.com/images/M/MV5BOWYzMzdiNGUtN2U2ZC00MGVlLThjYTQtYzI1MWUwYjNkOGE3XkEyXkFqcGdeQXRyYW5zY29kZS13b3JrZmxvdw@@._V1_.jpg",
        "uploadDate": "2020-02-14T07:01:16.975Z",
        "url": "https://www.imdb.com/video/vi2991046425/"
    },
    "url": "/title/tt0349333/"
}