{
    "@context": "https://schema.org",
    "@type": "Movie",
    "actor": [
        {
            "@type": "Person",
            "name": "James Coburn",
            "url": "/name/nm0000336/"
        },
        {
            "@type": "Person",
            "name": "Camilla Sparv",
            "url": "/name/nm0817122/"
        },
        {
            "@type": "Person",
            "name": "Aldo Ray",
            "url": "/name/nm0712731/"
        }
    ],
    "aggregateRating": {
        "@type": "AggregateRating",
        "bestRating": 10,
        "ratingCount": 1223,
        "ratingValue": 6,
        "worstRating": 1
    },
    "contentRating": "Approved",
    "creator": [
        {
            "@type": "Organization",
            "url": "/company/co0050868/"
        },
        {
            "@type": "Person",
            "name": "Bernard Girard",
            "url": "/name/nm0320637/"
        }
    ],
    "datePublished": "1966-12-25",
    "description": "A paroled conman co-ordinates the robbery of an L. A. Airport bank with the arrival of the Soviet premier.",
    "director": [
        {
            "@type": "Person",
            "name": "Bernard Girard",
            "url": "/name/nm0320637/"
        }
    ],
    "duration": "PT1H44M",
    "genre": [
        "Comedy",
        "Crime",
        "Drama"
    ],
    "image": "https://m.media-amazon.com/images/M/MV5BY2I1OWI4YjUtNjVmYy00OTE1LTg4OTAtMWJjODIxY2UwMjBjXkEyXkFqcGdeQXVyNDM1MzYzMzc@._V1_.jpg",
    "keywords": "caper crime,airport,robbery,bank,heist",
    "name": "Dead Heat on a Merry-Go-Round",
    "original_info": {
        "id": "Dead Heat on a Merry-Go-Round_1966",
        "name": "Dead Heat on a Merry-Go-Round",
        "year": "1966"
    },
    "review": {
        "@type": "Review",
        "author": {
            "@type": "Person",
            "name": "KissEnglishPasto"
        },
        "dateCreated": "2016-07-28",
        "inLanguage": "English",
        "itemReviewed": {
            "@type": "CreativeWork",
            "url": "/title/tt0060287/"
        },
        "name": "DEAD HEAP On a Time Machine!....",
        "reviewBody": "From PASTO, COLOMBIA-Via: L. A. CA; CALI, Colombia+ORLANDO, FL\n\nThe ONLY TONY KISS CASTILLO on FaceBook!-----------------------\n\nIn retrospect, I'll bet that when I bought this on DVD a few years ago, it had been re-released because of Harrison Ford's uncredited screen debut as a Bellboy (Although he was 23 when DEAD HEAT was filmed, he does look like a 19 year old \"boy\"!) Ahhhh, There's the Rub! The FORD debut is precisely the reason I decided to purchase it! Well, also because I had seen it twice during its theatrical release at the age of 18 and enjoyed it immensely.\n\nRecently, I began compiling a list.\"Movies that stand the test of time!\", and I can assure you, most whole-heartedly, DEAD HEAT won't be on it!!! This film is extremely dated, both in thematic and in stylistic terms. Even the dialog is peppered with terms you probably haven't heard in ages, like \"The FUZZ\", for example! (For those of you under 50, \"The Police\")\n\nAlthough, as usual, James Coburn's screen persona is delightful to watch, there are quite a few occurrences depicted here that stretch suspension of disbelief to the breaking point. Perhaps not so much way back in 1966, but certainly now, nearly half a century later! Coburn's character, Eli Kotch, seems to be 100% impervious to Murphy's Law. Everything goes exactly his way, every single time! In Spanish we say, \"Mucha Pelicula!\", .\"Just TOO much Movie\"! Despite some real heavyweight talent in the cast, like Aldo Ray, Robert Webber and Rose Marie, the mostly lackluster dialog makes for rather non-memorable performances all around. DEAD HEAT does have a number of interesting moments sprinkled through its 100+ minute duration, but for a 2015 viewing, I would hesitate to recommend it other than to viewers pining for a little mid-60's Nostalgia!\n\n6****** ..... ENJOY! / DISFRUTELA!\n\nAny comments, questions or observations, in English o en Español, are most welcome!",
        "reviewRating": {
            "@type": "Rating",
            "bestRating": 10,
            "ratingValue": 6,
            "worstRating": 1
        }
    },
    "trailer": {
        "@type": "VideoObject",
        "description": "Dead Heat On A Merry-Go-Round: Have You Got A Minute?",
        "duration": "PT1M2S",
        "embedUrl": "https://www.imdb.com/video/imdb/vi2712060953",
        "name": "Dead Heat On A Merry-Go-Round: Have You Got A Minute?",
        "thumbnail": {
            "@type": "ImageObject",
            "contentUrl": "https://m.media-amazon.com/images/M/MV5BMWFiY2U1M2ItZTEzMC00YzBiLTg4OTUtZjRiOWU1NjQ4MDgzXkEyXkFqcGdeQXRyYW5zY29kZS13b3JrZmxvdw@@._V1_.jpg"
        },
        "thumbnailUrl": "https://m.media-amazon.com/images/M/MV5BMWFiY2U1M2ItZTEzMC00YzBiLTg4OTUtZjRiOWU1NjQ4MDgzXkEyXkFqcGdeQXRyYW5zY29kZS13b3JrZmxvdw@@._V1_.jpg",
        "uploadDate": "2023-02-17T21:36:07.236Z",
        "url": "https://www.imdb.com/video/vi2712060953/"
    },
    "url": "/title/tt0060287/"
}