{
    "@context": "https://schema.org",
    "@type": "Movie",
    "actor": [
        {
            "@type": "Person",
            "name": "John Candy",
            "url": "/name/nm0001006/"
        },
        {
            "@type": "Person",
            "name": "Mariel Hemingway",
            "url": "/name/nm0000446/"
        },
        {
            "@type": "Person",
            "name": "Emma Samms",
            "url": "/name/nm0759924/"
        }
    ],
    "aggregateRating": {
        "@type": "AggregateRating",
        "bestRating": 10,
        "ratingCount": 9075,
        "ratingValue": 5.8,
        "worstRating": 1
    },
    "contentRating": "PG",
    "creator": [
        {
            "@type": "Organization",
            "url": "/company/co0007143/"
        },
        {
            "@type": "Organization",
            "url": "/company/co0150401/"
        },
        {
            "@type": "Person",
            "name": "Lawrence J. Cohen",
            "url": "/name/nm0169549/"
        },
        {
            "@type": "Person",
            "name": "Fred Freeman",
            "url": "/name/nm0293391/"
        }
    ],
    "datePublished": "1991-08-09",
    "description": "A soap opera writer gets hit on the head and wakes up as a character in his own show.",
    "director": [
        {
            "@type": "Person",
            "name": "Tom Mankiewicz",
            "url": "/name/nm0542539/"
        }
    ],
    "duration": "PT1H36M",
    "genre": [
        "Comedy",
        "Fantasy"
    ],
    "image": "https://m.media-amazon.com/images/M/MV5BMTA0NTcwMjAwMzdeQTJeQWpwZ15BbWU3MDg4MTA4MzQ@._V1_.jpg",
    "keywords": "car accident,hospital,vinyl record,breaking a vinyl record,record collector",
    "name": "Delirious",
    "original_info": {
        "id": "Delirious_1991",
        "name": "Delirious",
        "year": "1991"
    },
    "review": {
        "@type": "Review",
        "author": {
            "@type": "Person",
            "name": "Parca"
        },
        "dateCreated": "1999-07-13",
        "inLanguage": "English",
        "itemReviewed": {
            "@type": "CreativeWork",
            "url": "/title/tt0101701/"
        },
        "name": "John Candy's best... Hilarious all the way through...",
        "reviewBody": "I can watch this movie over and over and never get tired (then again, I haven't ever tried watching it 10 times in a row in the same day)... Candy does his own sort of persona with his trademark charm without getting annoying, and the way the film turns constantly as he tries to solve his dilemma is great (particularly when he starts to write while drunk). Not a masterpiece by any standard, but a fun flick..."
    },
    "trailer": {
        "@type": "VideoObject",
        "description": "\",\"duration\":\"PT2M25S",
        "embedUrl": "https://www.imdb.com/video/imdb/vi1093845017",
        "name": "Official Trailer",
        "thumbnail": {
            "@type": "ImageObject",
            "contentUrl": "https://m.media-amazon.com/images/M/MV5BYWNmZWYxNzUtODQ2Ni00ZWY5LWJlYWItNzE1NjdkYzQzZWFlXkEyXkFqcGdeQXRyYW5zY29kZS13b3JrZmxvdw@@._V1_.jpg"
        },
        "thumbnailUrl": "https://m.media-amazon.com/images/M/MV5BYWNmZWYxNzUtODQ2Ni00ZWY5LWJlYWItNzE1NjdkYzQzZWFlXkEyXkFqcGdeQXRyYW5zY29kZS13b3JrZmxvdw@@._V1_.jpg",
        "uploadDate": "2021-05-28T11:47:26.584Z",
        "url": "https://www.imdb.com/video/vi1093845017/"
    },
    "url": "/title/tt0101701/"
}