{
    "@context": "https://schema.org",
    "@type": "Movie",
    "contentRating": "Unrated",
    "description": "Now everyone can get that long, lean, sculpted look in a fat-blasting yoga workout that will leave you focused, refreshed and tonedfrom head to toe. In three segments - combined or worked individually - Denise Austin guides you th...",
    "duration": "PT1H3M",
    "image": "https://m.media-amazon.com/images/M/MV5BMjAzNTE0Nzk1NF5BMl5BanBnXkFtZTgwNjI2NjAyMTE@._V1_.jpg",
    "name": "Denise Austin: Fat Blasting Yoga",
    "original_info": {
        "id": "Denise Austin: Yoga Buns_2003",
        "name": "Denise Austin: Yoga Buns",
        "year": "2003"
    },
    "url": "/title/tt3529394/"
}