{
    "@context": "https://schema.org",
    "@type": "Movie",
    "actor": [
        {
            "@type": "Person",
            "name": "James Woods",
            "url": "/name/nm0000249/"
        },
        {
            "@type": "Person",
            "name": "Ann Marin",
            "url": "/name/nm0547430/"
        },
        {
            "@type": "Person",
            "name": "Craig T. Nelson",
            "url": "/name/nm0005266/"
        }
    ],
    "aggregateRating": {
        "@type": "AggregateRating",
        "bestRating": 10,
        "ratingCount": 838,
        "ratingValue": 6.5,
        "worstRating": 1
    },
    "contentRating": "R",
    "creator": [
        {
            "@type": "Organization",
            "url": "/company/co0071026/"
        },
        {
            "@type": "Organization",
            "url": "/company/co0033710/"
        },
        {
            "@type": "Person",
            "name": "Ilene Chaiken",
            "url": "/name/nm0149669/"
        }
    ],
    "datePublished": "2000-05-27",
    "description": "A Cincinnati museum director goes on trial in 1990 for exhibiting sadomasochistic photographs taken by Robert Mapplethorpe.",
    "director": [
        {
            "@type": "Person",
            "name": "Frank Pierson",
            "url": "/name/nm0682757/"
        }
    ],
    "duration": "PT1H44M",
    "genre": [
        "Drama"
    ],
    "image": "https://m.media-amazon.com/images/M/MV5BMTI2MzEwNDc4OF5BMl5BanBnXkFtZTcwMjg1ODcxMQ@@._V1_.jpg",
    "keywords": "1st amendment,bestiality,gay character,year 1990,first amendment of u.s. constitution",
    "name": "Dirty Pictures",
    "original_info": {
        "id": "Dirty Pictures_2000",
        "name": "Dirty Pictures",
        "year": "2000"
    },
    "review": {
        "@type": "Review",
        "author": {
            "@type": "Person",
            "name": "yeadur"
        },
        "dateCreated": "2001-03-22",
        "inLanguage": "English",
        "itemReviewed": {
            "@type": "CreativeWork",
            "url": "/title/tt0217363/"
        },
        "name": "James Woods: Hollywoods greatest actor?",
        "reviewBody": "This admirable, intelligent if occasionally formulaic TVM (it deserved to be more widely screened) makes me ask why James Woods is not acknowledged as America's best film actor? Think about it: who is a serious contender? The equally prolific but perhaps more limited de Niro? Tom Hanks (come on!)? Tom Cruise (you must be joking!)? Jack Nicholson, perhaps, in his day, which isn't now, alas? The comparable Brian Dennehey: masterly, but I think Woods has the edge. Give the man an Oscar, please! ******"
    },
    "url": "/title/tt0217363/"
}