{
    "@context": "https://schema.org",
    "@type": "TVSeries",
    "actor": [
        {
            "@type": "Person",
            "name": "Tom Baker",
            "url": "/name/nm0048982/"
        },
        {
            "@type": "Person",
            "name": "Richard Bremmer",
            "url": "/name/nm0107101/"
        },
        {
            "@type": "Person",
            "name": "Nigel Carrington",
            "url": "/name/nm0140585/"
        }
    ],
    "creator": [
        {
            "@type": "Organization",
            "url": "/company/co0116559/"
        }
    ],
    "datePublished": "2012-01-09",
    "genre": [
        "Sci-Fi"
    ],
    "image": "https://m.media-amazon.com/images/M/MV5BM2QzYTc1MmUtYjYxZi00NTExLWE1M2QtOWVkYjMxYWE5NDAwXkEyXkFqcGdeQXVyMTA4MjA5NjQ5._V1_.jpg",
    "keywords": "tv mini series",
    "name": "Doctor Who: The Valley of Death",
    "original_info": {
        "id": "Doctor Who: The Robots of Death_1976",
        "name": "Doctor Who: The Robots of Death",
        "year": "1976"
    },
    "url": "/title/tt13635940/"
}