{
    "@context": "https://schema.org",
    "@type": "Movie",
    "actor": [
        {
            "@type": "Person",
            "name": "James Sikking",
            "url": "/name/nm0797725/"
        },
        {
            "@type": "Person",
            "name": "Bibi Besch",
            "url": "/name/nm0000935/"
        },
        {
            "@type": "Person",
            "name": "William McNamara",
            "url": "/name/nm0001530/"
        }
    ],
    "aggregateRating": {
        "@type": "AggregateRating",
        "bestRating": 10,
        "ratingCount": 2342,
        "ratingValue": 7,
        "worstRating": 1
    },
    "creator": [
        {
            "@type": "Organization",
            "url": "/company/co0023421/"
        },
        {
            "@type": "Person",
            "name": "James Duff",
            "url": "/name/nm0240384/"
        }
    ],
    "datePublished": "1992-03-16",
    "description": "A young college student, his family's \"golden child,\" brings his fiancee home to meet them.",
    "director": [
        {
            "@type": "Person",
            "name": "Ken Olin",
            "url": "/name/nm0646440/"
        }
    ],
    "duration": "PT1H32M",
    "genre": [
        "Drama"
    ],
    "image": "https://m.media-amazon.com/images/M/MV5BNDI5MjY4NTQtMDQ2ZS00NWI5LWExZmYtMmY3Y2U1ZmRiMjE3XkEyXkFqcGdeQXVyMTA0MTM5NjI2._V1_.jpg",
    "keywords": "coming out,gay son,man wears eyeglasses,gay character,alcoholic",
    "name": "Doing Time on Maple Drive",
    "original_info": {
        "id": "Doing Time on Maple Drive_1992",
        "name": "Doing Time on Maple Drive",
        "year": "1992"
    },
    "review": {
        "@type": "Review",
        "author": {
            "@type": "Person",
            "name": "edwagreen"
        },
        "dateCreated": "2009-03-18",
        "inLanguage": "English",
        "itemReviewed": {
            "@type": "CreativeWork",
            "url": "/title/tt0104118/"
        },
        "name": "No Sweet Sugar on Doing Time on Maple Drive ***1/2",
        "reviewBody": "Who knew or remembered that Jim Carrey could be dramatic? He offers a genuine deep performance as a troubled youth, bright, but a high school drop-out who is unbearably harassed by his holier than thou parents, especially a father who is a perfectionist in every sense of the word.\n\nIronically, the Carrey character soon takes a back seat to a brother, a closet homosexual, who breaks off with his fiancé, and a married sister, ready to abort her pregnancy because the father always believes in being financially prepared before starting a family.\n\nJames Sikking and Bibi Besch are first rate as the parents out of the 1940s and 1950s who are living the 1990s as if that period never existed.\n\nThis is a very well done film worth watching.",
        "reviewRating": {
            "@type": "Rating",
            "bestRating": 10,
            "ratingValue": 8,
            "worstRating": 1
        }
    },
    "url": "/title/tt0104118/"
}