{
    "@context": "https://schema.org",
    "@type": "Movie",
    "actor": [
        {
            "@type": "Person",
            "name": "Joey Mazzarino",
            "url": "/name/nm0563505/"
        },
        {
            "@type": "Person",
            "name": "Roscoe Orman",
            "url": "/name/nm0650207/"
        },
        {
            "@type": "Person",
            "name": "Martin P. Robinson",
            "url": "/name/nm0732896/"
        }
    ],
    "aggregateRating": {
        "@type": "AggregateRating",
        "bestRating": 10,
        "ratingCount": 13,
        "ratingValue": 5.9,
        "worstRating": 1
    },
    "creator": [
        {
            "@type": "Organization",
            "url": "/company/co0058596/"
        }
    ],
    "datePublished": "2004-01-27",
    "description": "Listen closely, it's a finger-snapping, toe-tapping good time. With help from Mr. Noodle, Rosita, Baby Bear and everyone's favorite goldfish Dorothy, Elmo finds out all the different things his body can do as he plays patty cake, ...",
    "duration": "PT50M",
    "genre": [
        "Family"
    ],
    "image": "https://m.media-amazon.com/images/M/MV5BOGYyNDcwZDktZDI5Ni00NDBmLTk1ODQtMDdiYmI3OGQ5YTI4XkEyXkFqcGdeQXVyMjMzMzc0MjM@._V1_.jpg",
    "keywords": "close up of ear,close up of lips,close up of mouth",
    "name": "Elmo's World: Elmo Has Two! Hands, Ears & Feet",
    "original_info": {
        "id": "Elmo's World: Elmo Has Two! Hands_2003",
        "name": "Elmo's World: Elmo Has Two! Hands",
        "year": "2003"
    },
    "url": "/title/tt1648146/"
}