{
    "@context": "https://schema.org",
    "@type": "Movie",
    "actor": [
        {
            "@type": "Person",
            "name": "John Hedges",
            "url": "/name/nm2393532/"
        },
        {
            "@type": "Person",
            "name": "Fidel Castro",
            "url": "/name/nm0004242/"
        },
        {
            "@type": "Person",
            "name": "Huber Matos",
            "url": "/name/nm2336022/"
        }
    ],
    "aggregateRating": {
        "@type": "AggregateRating",
        "bestRating": 10,
        "ratingCount": 18,
        "ratingValue": 6.8,
        "worstRating": 1
    },
    "alternateName": "Fidel Castro: Life for the Revolution",
    "creator": [
        {
            "@type": "Organization",
            "url": "/company/co0290302/"
        },
        {
            "@type": "Person",
            "name": "Volker Skierka",
            "url": "/name/nm2292002/"
        }
    ],
    "datePublished": "2004-04-26",
    "description": "Castro has outlived generations of US Presidents, Soviet General Secretaries, CIA Directors and would-be assassins. This film offers a psychological profile of the Cuban revolutionary, and a deeply intimate account of his life bas...",
    "director": [
        {
            "@type": "Person",
            "name": "Stephan Lamby",
            "url": "/name/nm0483462/"
        },
        {
            "@type": "Person",
            "name": "Volker Skierka",
            "url": "/name/nm2292002/"
        }
    ],
    "duration": "PT44M",
    "genre": [
        "Documentary",
        "Short",
        "Biography"
    ],
    "image": "https://m.media-amazon.com/images/M/MV5BMjAxZjBhN2ItOWYxYS00NTk0LThhYjYtN2M5ZTY4MDBmOGIyXkEyXkFqcGdeQXVyNTM3MDMyMDQ@._V1_.jpg",
    "name": "Fidel Castro. Ewiger Revolutionär",
    "original_info": {
        "id": "Fidel: The Castro Project_2002",
        "name": "Fidel: The Castro Project",
        "year": "2002"
    },
    "url": "/title/tt1592739/"
}