{
    "@context": "https://schema.org",
    "@type": "Movie",
    "actor": [
        {
            "@type": "Person",
            "name": "Frank Sinatra",
            "url": "/name/nm0000069/"
        },
        {
            "@type": "Person",
            "name": "Elvis Presley",
            "url": "/name/nm0000062/"
        },
        {
            "@type": "Person",
            "name": "Nancy Sinatra",
            "url": "/name/nm0005434/"
        }
    ],
    "aggregateRating": {
        "@type": "AggregateRating",
        "bestRating": 10,
        "ratingCount": 165,
        "ratingValue": 7.4,
        "worstRating": 1
    },
    "creator": [
        {
            "@type": "Organization",
            "url": "/company/co0279659/"
        },
        {
            "@type": "Person",
            "name": "John Bradford",
            "url": "/name/nm0103043/"
        }
    ],
    "datePublished": "1960-05-12",
    "description": "Variety show starring Frank Sinatra, welcoming home singer Elvis Presley after his U.S. Army tour of duty in Germany.",
    "director": [
        {
            "@type": "Person",
            "name": "Richard Dunlap",
            "url": "/name/nm0242409/"
        }
    ],
    "duration": "PT1H",
    "genre": [
        "Music",
        "Talk-Show"
    ],
    "image": "https://m.media-amazon.com/images/M/MV5BZjI2NzFhMWMtOTQ2OC00NjlkLTg2NTYtMzg3YmRkY2U4YjM0XkEyXkFqcGdeQXVyMTg1ODg3MjA@._V1_.jpg",
    "keywords": "singer,variety show,song,singing,beach",
    "name": "Frank Sinatra's Welcome Home Party for Elvis Presley",
    "original_info": {
        "id": "Frank Sinatra Show: Welcome Home Elvis_1960",
        "name": "Frank Sinatra Show: Welcome Home Elvis",
        "year": "1960"
    },
    "review": {
        "@type": "Review",
        "author": {
            "@type": "Person",
            "name": "Luke Radcliffe"
        },
        "dateCreated": "2001-09-17",
        "inLanguage": "English",
        "itemReviewed": {
            "@type": "CreativeWork",
            "url": "/title/tt0290620/"
        },
        "name": "A musical hosted by Frank Sinatra for Elvis Presley",
        "reviewBody": "An all around pretty good tv programme hosted by Frank Sinatra for The King as he is known Elvis Presley the show also contains guests and singing of songs I think that this is a good tv-movie and only seeing it once i can still tell you so much"
    },
    "url": "/title/tt0290620/"
}