{
    "@context": "https://schema.org",
    "@type": "Movie",
    "actor": [
        {
            "@type": "Person",
            "name": "Al Pacino",
            "url": "/name/nm0000199/"
        },
        {
            "@type": "Person",
            "name": "Michelle Pfeiffer",
            "url": "/name/nm0000201/"
        },
        {
            "@type": "Person",
            "name": "Hector Elizondo",
            "url": "/name/nm0001185/"
        }
    ],
    "aggregateRating": {
        "@type": "AggregateRating",
        "bestRating": 10,
        "ratingCount": 32712,
        "ratingValue": 6.7,
        "worstRating": 1
    },
    "contentRating": "R",
    "creator": [
        {
            "@type": "Person",
            "name": "Terrence McNally",
            "url": "/name/nm0573645/"
        }
    ],
    "datePublished": "1991-10-11",
    "description": "Johnny has just been released from prison, and gets a job in a café beside waitress Frankie. Frankie is a bit of a loner, but Johnny is determined their romance will blossom.",
    "director": [
        {
            "@type": "Person",
            "name": "Garry Marshall",
            "url": "/name/nm0005190/"
        }
    ],
    "duration": "PT1H58M",
    "genre": [
        "Comedy",
        "Drama",
        "Romance"
    ],
    "image": "https://m.media-amazon.com/images/M/MV5BYzdiNjQzOWMtNGE3YS00YzUxLWI2MWYtYjhjMmE1ODA0YWNlXkEyXkFqcGdeQXVyMjUzOTY1NTc@._V1_.jpg",
    "keywords": "restaurant,ex convict,waitress,new york city,falling in love",
    "name": "Frankie and Johnny",
    "review": {
        "@type": "Review",
        "author": {
            "@type": "Person",
            "name": "charbrom"
        },
        "dateCreated": "2001-03-25",
        "inLanguage": "English",
        "itemReviewed": {
            "@type": "CreativeWork",
            "url": "/title/tt0101912/"
        },
        "name": "romance in the Greek Apollo-restaurant",
        "reviewBody": "Very pleasant love-story that wouldn't have been this good without the great performances by Pacino and Pfeiffer. Pacino is the cook with the romantic heart who just got out of jail (of course he wasn't a real criminal) starts working in a Greek restaurant and falls in love with Pfeiffer, the waitress, who just wants to watch videos and eat pizza after a few bad love-experiences. Pacino has to do a lot (read Romeo & Juliet, dance like a madman, chop vegetables and be very patient) to win her love and is finally helped by the sound of Debussy's 'Claire de Lune'.",
        "reviewRating": {
            "@type": "Rating",
            "bestRating": 10,
            "ratingValue": 7,
            "worstRating": 1
        }
    },
    "trailer": {
        "@type": "VideoObject",
        "description": "Home Video Trailer from Paramount Home Entertainment",
        "duration": "PT2M17S",
        "embedUrl": "https://www.imdb.com/video/imdb/vi2460483865",
        "name": "Frankie and Johnny",
        "thumbnail": {
            "@type": "ImageObject",
            "contentUrl": "https://m.media-amazon.com/images/M/MV5BZTZmODJmYWYtYmRhMS00NDUzLWE0OTUtYWJjNGZlODE1NzVmXkEyXkFqcGdeQXVyNzU1NzE3NTg@._V1_.jpg"
        },
        "thumbnailUrl": "https://m.media-amazon.com/images/M/MV5BZTZmODJmYWYtYmRhMS00NDUzLWE0OTUtYWJjNGZlODE1NzVmXkEyXkFqcGdeQXVyNzU1NzE3NTg@._V1_.jpg",
        "uploadDate": "2008-04-11T14:12:29Z",
        "url": "https://www.imdb.com/video/vi2460483865/"
    },
    "url": "/title/tt0101912/"
}