{
    "@context": "https://schema.org",
    "@type": "Movie",
    "actor": [
        {
            "@type": "Person",
            "name": "Peter Cushing",
            "url": "/name/nm0001088/"
        },
        {
            "@type": "Person",
            "name": "Veronica Carlson",
            "url": "/name/nm0138040/"
        },
        {
            "@type": "Person",
            "name": "Freddie Jones",
            "url": "/name/nm0428086/"
        }
    ],
    "aggregateRating": {
        "@type": "AggregateRating",
        "bestRating": 10,
        "ratingCount": 4986,
        "ratingValue": 6.7,
        "worstRating": 1
    },
    "contentRating": "PG-13",
    "creator": [
        {
            "@type": "Organization",
            "url": "/company/co0060069/"
        },
        {
            "@type": "Person",
            "name": "Bert Batt",
            "url": "/name/nm0061260/"
        },
        {
            "@type": "Person",
            "name": "Anthony Nelson Keys",
            "url": "/name/nm0450862/"
        },
        {
            "@type": "Person",
            "name": "Mary Shelley",
            "url": "/name/nm0791217/"
        }
    ],
    "datePublished": "1970-02-11",
    "description": "Baron Frankenstein, with the aid of a young doctor and his fiancée, kidnaps the mentally sick Dr. Brandt in order to perform the first brain transplant operation.",
    "director": [
        {
            "@type": "Person",
            "name": "Terence Fisher",
            "url": "/name/nm0279807/"
        }
    ],
    "duration": "PT1H41M",
    "genre": [
        "Drama",
        "Horror",
        "Sci-Fi"
    ],
    "image": "https://m.media-amazon.com/images/M/MV5BYzBiMTlmYmYtMzZjOS00YWI0LTgxMDItZmU5OTMwYmQwMWU0L2ltYWdlXkEyXkFqcGdeQXVyMTQxNzMzNDI@._V1_.jpg",
    "keywords": "corpse,fire,rape,sequel,fifth part",
    "name": "Frankenstein Must Be Destroyed",
    "review": {
        "@type": "Review",
        "author": {
            "@type": "Person",
            "name": "Andy Sandfoss"
        },
        "dateCreated": "2000-02-14",
        "inLanguage": "English",
        "itemReviewed": {
            "@type": "CreativeWork",
            "url": "/title/tt0065738/"
        },
        "name": "superior Hammer horror",
        "reviewBody": "This is easily my favorite Frankenstein film, and one of my favorite Hammer films. The acting, lead by Peter Cushing, can't be any better; Simon Ward, Maxine Audley, and Freddie Jones deserve special comment in this regard. (There is little point in praising Cushing as Frankenstein; he plays it with such depth and understanding that the role is his and always will be! I can't use any superlatives here that haven't already been used for Cushing's Baron.) And for once, a Frankenstein movie really gets to the key point Mary Shelley is making - by leaving the monster out entirely! Terence Fisher's direction doesn't miss a cue; with the conventionalization of the monster gone, Fisher can take the movie in new, unexpected directions, and does so with the steady hand of a master director. An unqualified success for all involved!",
        "reviewRating": {
            "@type": "Rating",
            "bestRating": 10,
            "ratingValue": 8,
            "worstRating": 1
        }
    },
    "trailer": {
        "@type": "VideoObject",
        "description": "Official Trailer",
        "duration": "PT2M37S",
        "embedUrl": "https://www.imdb.com/video/imdb/vi4048535321",
        "name": "Frankenstein Must Be Destroyed",
        "thumbnail": {
            "@type": "ImageObject",
            "contentUrl": "https://m.media-amazon.com/images/M/MV5BN2I5NGFmNjItYjEyZC00ZjdkLWJjOTktNDE2OGE0MDFmZTc1XkEyXkFqcGdeQVRoaXJkUGFydHlJbmdlc3Rpb25Xb3JrZmxvdw@@._V1_.jpg"
        },
        "thumbnailUrl": "https://m.media-amazon.com/images/M/MV5BN2I5NGFmNjItYjEyZC00ZjdkLWJjOTktNDE2OGE0MDFmZTc1XkEyXkFqcGdeQVRoaXJkUGFydHlJbmdlc3Rpb25Xb3JrZmxvdw@@._V1_.jpg",
        "uploadDate": "2020-02-20T17:02:46.032Z",
        "url": "https://www.imdb.com/video/vi4048535321/"
    },
    "url": "/title/tt0065738/"
}