{
    "@context": "https://schema.org",
    "@type": "Movie",
    "actor": [
        {
            "@type": "Person",
            "name": "Peter Cushing",
            "url": "/name/nm0001088/"
        },
        {
            "@type": "Person",
            "name": "Susan Denberg",
            "url": "/name/nm0218911/"
        },
        {
            "@type": "Person",
            "name": "Thorley Walters",
            "url": "/name/nm0910381/"
        }
    ],
    "aggregateRating": {
        "@type": "AggregateRating",
        "bestRating": 10,
        "ratingCount": 5102,
        "ratingValue": 6.5,
        "worstRating": 1
    },
    "contentRating": "Unrated",
    "creator": [
        {
            "@type": "Organization",
            "url": "/company/co0060069/"
        },
        {
            "@type": "Organization",
            "url": "/company/co0045848/"
        },
        {
            "@type": "Person",
            "name": "Anthony Hinds",
            "url": "/name/nm0385573/"
        }
    ],
    "datePublished": "1967-03-15",
    "description": "After being reanimated, Baron Frankenstein transfers the soul of an executed young man into the body of his lover, prompting her to kill the men who wronged them.",
    "director": [
        {
            "@type": "Person",
            "name": "Terence Fisher",
            "url": "/name/nm0279807/"
        }
    ],
    "duration": "PT1H32M",
    "genre": [
        "Horror",
        "Sci-Fi"
    ],
    "image": "https://m.media-amazon.com/images/M/MV5BNGZlYTY1MzYtZDA2MS00NTM2LWI1OGEtN2M1Nzc4NGM5OTU4XkEyXkFqcGdeQXVyMTE2NzA0Ng@@._V1_.jpg",
    "keywords": "female frontal nudity,memory,execution,headless corpse,decapitation",
    "name": "Frankenstein Created Woman",
    "original_info": {
        "id": "Frankenstein Created Woman_1967",
        "name": "Frankenstein Created Woman",
        "year": "1967"
    },
    "review": {
        "@type": "Review",
        "author": {
            "@type": "Person",
            "name": "AaronCapenBanner"
        },
        "dateCreated": "2013-11-24",
        "inLanguage": "English",
        "itemReviewed": {
            "@type": "CreativeWork",
            "url": "/title/tt0061683/"
        },
        "name": "Fourth Hammer Frankenstein.",
        "reviewBody": "Terence Fisher directed this fourth \"Frankenstein\" film in the Hammer series that sees Peter Cushing return as Baron Frankenstein, still experimenting with life, though now interested in the soul, and when it departs the body, which he recently experimented on himself with the help of his new assistant Dr. Hertz(played by Thorley Walters) His young helper Hans(played by Robert Morris) gets into trouble with the law and is hanged; his distraught girlfriend(played by Susan Denberg)whose father was the murder victim, drowns herself only to be resurrected by Frankenstein with the mind of Hans! Together(sort of) they set on a campaign of revenge against the real killers... Ambitious sequel is nicely directed and acted(if contrived), with the Baron in a mostly benevolent mood; pity it didn't last...",
        "reviewRating": {
            "@type": "Rating",
            "bestRating": 10,
            "ratingValue": 6,
            "worstRating": 1
        }
    },
    "trailer": {
        "@type": "VideoObject",
        "description": "Trailer for this take on the classic horror",
        "duration": "PT2M39S",
        "embedUrl": "https://www.imdb.com/video/imdb/vi585630745",
        "name": "Frankenstein Created Woman",
        "thumbnail": {
            "@type": "ImageObject",
            "contentUrl": "https://m.media-amazon.com/images/M/MV5BNGRjMDQyZDAtMWQ3OS00ZTVhLWIyMGItZmNhYTE2MzBkMGE4XkEyXkFqcGdeQXVyNzU1NzE3NTg@._V1_.jpg"
        },
        "thumbnailUrl": "https://m.media-amazon.com/images/M/MV5BNGRjMDQyZDAtMWQ3OS00ZTVhLWIyMGItZmNhYTE2MzBkMGE4XkEyXkFqcGdeQXVyNzU1NzE3NTg@._V1_.jpg",
        "uploadDate": "2010-01-16T15:07:52Z",
        "url": "https://www.imdb.com/video/vi585630745/"
    },
    "url": "/title/tt0061683/"
}