{
    "@context": "https://schema.org",
    "@type": "Movie",
    "actor": [
        {
            "@type": "Person",
            "name": "Idi Amin",
            "url": "/name/nm0024907/"
        },
        {
            "@type": "Person",
            "name": "Fidel Castro",
            "url": "/name/nm0004242/"
        },
        {
            "@type": "Person",
            "name": "Golda Meir",
            "url": "/name/nm0576954/"
        }
    ],
    "aggregateRating": {
        "@type": "AggregateRating",
        "bestRating": 10,
        "ratingCount": 1941,
        "ratingValue": 7.4,
        "worstRating": 1
    },
    "alternateName": "General Idi Amin Dada: A Self Portrait",
    "contentRating": "Not Rated",
    "creator": [
        {
            "@type": "Organization",
            "url": "/company/co0641992/"
        },
        {
            "@type": "Organization",
            "url": "/company/co0245253/"
        },
        {
            "@type": "Organization",
            "url": "/company/co0681457/"
        },
        {
            "@type": "Person",
            "name": "Barbet Schroeder",
            "url": "/name/nm0775447/"
        }
    ],
    "datePublished": "1976-08-30",
    "description": "A documentary on the military dictator of Africa's Uganda.",
    "director": [
        {
            "@type": "Person",
            "name": "Barbet Schroeder",
            "url": "/name/nm0775447/"
        }
    ],
    "duration": "PT1H32M",
    "genre": [
        "Documentary"
    ],
    "image": "https://m.media-amazon.com/images/M/MV5BN2QwNjAzMDYtNDE2MC00MDA0LTkyMWQtZDk0MGFmOTQzNzhjXkEyXkFqcGdeQXVyNjMwMjk0MTQ@._V1_.jpg",
    "keywords": "central africa,brutality,timeframe 1970s,dictator,uganda",
    "name": "Général Idi Amin Dada: Autoportrait",
    "review": {
        "@type": "Review",
        "author": {
            "@type": "Person",
            "name": "Baldy-13"
        },
        "dateCreated": "1999-04-22",
        "inLanguage": "English",
        "itemReviewed": {
            "@type": "CreativeWork",
            "url": "/title/tt0071544/"
        },
        "name": "Interesting when made, irrelevant now.",
        "reviewBody": "I saw this movie in Israel in 1975. At the time Amin was in his heyday and because of his relationship with Israel the film was very interesting, featuring interviews with Amin and him showing off his armed forces.\n\nToday, with Amin a nobody in Saudi Arabia, this film is but an asterisk of history."
    },
    "url": "/title/tt0071544/"
}