{
    "@context": "https://schema.org",
    "@type": "TVSeries",
    "actor": [
        {
            "@type": "Person",
            "name": "Wilson Coneybeare",
            "url": "/name/nm0174551/"
        },
        {
            "@type": "Person",
            "name": "Dean Gunnarson",
            "url": "/name/nm0348295/"
        },
        {
            "@type": "Person",
            "name": "Penn Jillette",
            "url": "/name/nm0422710/"
        }
    ],
    "aggregateRating": {
        "@type": "AggregateRating",
        "bestRating": 10,
        "ratingCount": 21,
        "ratingValue": 7.6,
        "worstRating": 1
    },
    "creator": [
        {
            "@type": "Organization",
            "url": "/company/co0009114/"
        },
        {
            "@type": "Person",
            "name": "Wilson Coneybeare",
            "url": "/name/nm0174551/"
        },
        {
            "@type": "Person",
            "name": "Mitchell Ness",
            "url": "/name/nm0626490/"
        }
    ],
    "datePublished": "1998-09-07",
    "image": "https://m.media-amazon.com/images/M/MV5BMTg5NjYzMDkyNl5BMl5BanBnXkFtZTcwMjYxMDMyMQ@@._V1_.jpg",
    "keywords": "magician,magic,illusionist,illusion",
    "name": "Grand Illusions: The Story of Magic",
    "original_info": {
        "id": "Grand Illusions: The Story of Magic_2002",
        "name": "Grand Illusions: The Story of Magic",
        "year": "2002"
    },
    "review": {
        "@type": "Review",
        "author": {
            "@type": "Person",
            "name": "Score_The_Film"
        },
        "dateCreated": "2007-09-29",
        "inLanguage": "English",
        "itemReviewed": {
            "@type": "CreativeWork",
            "url": "/title/tt0247385/"
        },
        "name": "Very interesting look at magic & magicians",
        "reviewBody": "Being a fan of magic/magicians since childhood this series was loads of fun. \n\nI recently discovered this on DVD from an online rental. \n\nThe episodes (some are 23 min and others 45 min) on the DVD are:\n\nThe Father of Modern Magic. Houdini. The Herrmanns. The Greats of Modern Magic. Weird Magic. Death by Magic\n\nIf you're interested in magic this is a must. \n\nTONS of magicians are covered and interviews.\n\nEven if you already know everything that's discussed, watching these magicians at work is jaw-dropping.",
        "reviewRating": {
            "@type": "Rating",
            "bestRating": 10,
            "ratingValue": 8,
            "worstRating": 1
        }
    },
    "url": "/title/tt0247385/"
}