{
    "@context": "https://schema.org",
    "@type": "TVEpisode",
    "actor": [
        {
            "@type": "Person",
            "name": "Danny Nucci",
            "url": "/name/nm0001572/"
        },
        {
            "@type": "Person",
            "name": "Ernie Hudson",
            "url": "/name/nm0001368/"
        },
        {
            "@type": "Person",
            "name": "Jamie Luner",
            "url": "/name/nm0005168/"
        }
    ],
    "aggregateRating": {
        "@type": "AggregateRating",
        "bestRating": 10,
        "ratingCount": 60,
        "ratingValue": 5.6,
        "worstRating": 1
    },
    "creator": [
        {
            "@type": "Organization",
            "url": "/company/co0101071/"
        },
        {
            "@type": "Organization",
            "url": "/company/co0111279/"
        },
        {
            "@type": "Organization",
            "url": "/company/co0036483/"
        },
        {
            "@type": "Person",
            "name": "Jorge Zamacona",
            "url": "/name/nm0952502/"
        },
        {
            "@type": "Person",
            "name": "Louis St. Clair",
            "url": "/name/nm1461835/"
        }
    ],
    "datePublished": "2004-01-18",
    "description": "Rico finds an abandoned baby. Lopez runs into her former gang girlfriends.",
    "director": [
        {
            "@type": "Person",
            "name": "Jeff Bleckner",
            "url": "/name/nm0088121/"
        }
    ],
    "duration": "PT42M",
    "genre": [
        "Drama",
        "Crime"
    ],
    "image": "https://m.media-amazon.com/images/M/MV5BOWI1YzMwZmQtNmQ0ZS00ZDIzLWJhYzMtNTU2M2FhYmE4NjhlXkEyXkFqcGdeQXVyMTU1NzQ0NzA@._V1_.jpg",
    "name": "Gypsy Road",
    "original_info": {
        "id": "Gypsy 83_2004",
        "name": "Gypsy 83",
        "year": "2004"
    },
    "timeRequired": "PT42M",
    "url": "/title/tt0500963/"
}