{
    "@context": "https://schema.org",
    "@type": "Movie",
    "actor": [
        {
            "@type": "Person",
            "name": "Christian Slater",
            "url": "/name/nm0000225/"
        },
        {
            "@type": "Person",
            "name": "Val Kilmer",
            "url": "/name/nm0000174/"
        },
        {
            "@type": "Person",
            "name": "Sara Downing",
            "url": "/name/nm0236130/"
        }
    ],
    "aggregateRating": {
        "@type": "AggregateRating",
        "bestRating": 10,
        "ratingCount": 3389,
        "ratingValue": 4.5,
        "worstRating": 1
    },
    "contentRating": "R",
    "creator": [
        {
            "@type": "Organization",
            "url": "/company/co0026231/"
        },
        {
            "@type": "Organization",
            "url": "/company/co0042626/"
        },
        {
            "@type": "Organization",
            "url": "/company/co0068448/"
        },
        {
            "@type": "Person",
            "name": "Willie Dreyfus",
            "url": "/name/nm1049749/"
        }
    ],
    "datePublished": "2002-02-15",
    "description": "Released from prison, an infamous thief and his new crew pull of a brilliant robbery but then become embroiled with a corrupt FBI agent when they discover the money is marked.",
    "director": [
        {
            "@type": "Person",
            "name": "Predrag Antonijevic",
            "url": "/name/nm0031342/"
        }
    ],
    "duration": "PT1H56M",
    "genre": [
        "Action",
        "Crime",
        "Thriller"
    ],
    "image": "https://m.media-amazon.com/images/M/MV5BNTZkNzU4NjYtNzk0YS00ZmI5LWFmNWQtY2E2NjA0MTc2YjhkXkEyXkFqcGdeQXVyMTQ3Njg3MQ@@._V1_.jpg",
    "keywords": "dead body in a car trunk,police corruption,fbi federal bureau of investigation,fake money,arrest",
    "name": "Hard Cash",
    "original_info": {
        "id": "Hard Cash_2002",
        "name": "Hard Cash",
        "year": "2002"
    },
    "review": {
        "@type": "Review",
        "author": {
            "@type": "Person",
            "name": "JesperT"
        },
        "dateCreated": "2004-07-02",
        "inLanguage": "English",
        "itemReviewed": {
            "@type": "CreativeWork",
            "url": "/title/tt0248640/"
        },
        "name": "You get what you pay for",
        "reviewBody": "...and for \"Run for the Money\" the definitely did not spend a lot on the car scenes, the plot, the script, the actors, the special effects and the jokes.\n\nWell-known (to call them great would be an overstatement) actors and actresses such as Christian Slater, Darryl Hannah and Val Kilmer simply put in rubbish performances.\n\nI had a couple of laughs, but only because the whole thing is hilariously poor - and just gets worse and worse as you go along.\n\nI can't believe anyone ever wanted to finance this. A more appropriate title would have been \"Run from the Money\".\n\nI give it a 2 - simply because I did laugh twice, albeit for all the wrong reasons.",
        "reviewRating": {
            "@type": "Rating",
            "bestRating": 10,
            "ratingValue": 2,
            "worstRating": 1
        }
    },
    "url": "/title/tt0248640/"
}