{
    "@context": "https://schema.org",
    "@type": "Movie",
    "actor": [
        {
            "@type": "Person",
            "name": "Barbara Eden",
            "url": "/name/nm0001174/"
        },
        {
            "@type": "Person",
            "name": "Ronny Cox",
            "url": "/name/nm0001074/"
        },
        {
            "@type": "Person",
            "name": "Nanette Fabray",
            "url": "/name/nm0264660/"
        }
    ],
    "aggregateRating": {
        "@type": "AggregateRating",
        "bestRating": 10,
        "ratingCount": 1188,
        "ratingValue": 5.8,
        "worstRating": 1
    },
    "contentRating": "PG",
    "creator": [
        {
            "@type": "Organization",
            "url": "/company/co0008169/"
        },
        {
            "@type": "Person",
            "name": "George Edwards",
            "url": "/name/nm0250006/"
        },
        {
            "@type": "Person",
            "name": "Barry Schneider",
            "url": "/name/nm0773710/"
        }
    ],
    "datePublished": "1980-08-07",
    "description": "A carefree single mother challenges the local PTA after they threaten to expel her daughter from school, due to her lifestyle.",
    "director": [
        {
            "@type": "Person",
            "name": "Richard C. Bennett",
            "url": "/name/nm0071999/"
        },
        {
            "@type": "Person",
            "name": "Ralph Senensky",
            "url": "/name/nm0784198/"
        }
    ],
    "duration": "PT1H33M",
    "genre": [
        "Comedy"
    ],
    "image": "https://m.media-amazon.com/images/M/MV5BZTc4NzE1NjQtMTAxYS00YjZhLWJmNjAtYzBmOGQzMjdmYmE2L2ltYWdlL2ltYWdlXkEyXkFqcGdeQXVyNzc5MjA3OA@@._V1_.jpg",
    "keywords": "pink elephant,hipocrisy,convertible,hixploitation,man wears eyeglasses",
    "name": "Harper Valley P.T.A.",
    "review": {
        "@type": "Review",
        "author": {
            "@type": "Person",
            "name": "budikavlan"
        },
        "dateCreated": "2002-03-09",
        "inLanguage": "English",
        "itemReviewed": {
            "@type": "CreativeWork",
            "url": "/title/tt0077660/"
        },
        "name": "Featherweight fun",
        "reviewBody": "Good sitcom-ish movie that makes for a pleasant few hours entertainment. A cast of old-style character actor pros make the rather silly plot worth watching. The revenge set-pieces are the highlights, but the action ending doesn't ruin the fun. Any movie that focuses on good guys squelching the snobs is worth getting, and Barbara Eden is always watchable."
    },
    "trailer": {
        "@type": "VideoObject",
        "description": "A carefree single mother challenges the local PTA after they threaten to expel her daughter from school, due to her lifestyle.",
        "duration": "PT29S",
        "embedUrl": "https://www.imdb.com/video/imdb/vi757187097",
        "name": "Teaser Trailer",
        "thumbnail": {
            "@type": "ImageObject",
            "contentUrl": "https://m.media-amazon.com/images/M/MV5BNmViNmRkZGMtMDE1NS00MmMyLWFlNGUtOWVmODg3OTNiZWM1XkEyXkFqcGdeQWxiaWFtb250._V1_.jpg"
        },
        "thumbnailUrl": "https://m.media-amazon.com/images/M/MV5BNmViNmRkZGMtMDE1NS00MmMyLWFlNGUtOWVmODg3OTNiZWM1XkEyXkFqcGdeQWxiaWFtb250._V1_.jpg",
        "uploadDate": "2022-07-15T19:20:59.499Z",
        "url": "https://www.imdb.com/video/vi757187097/"
    },
    "url": "/title/tt0077660/"
}