{
    "@context": "https://schema.org",
    "@type": "Movie",
    "actor": [
        {
            "@type": "Person",
            "name": "Ashitha",
            "url": "/name/nm5862747/"
        },
        {
            "@type": "Person",
            "name": "Suresh M.N.",
            "url": "/name/nm5561783/"
        },
        {
            "@type": "Person",
            "name": "V. Nagendra Prasad",
            "url": "/name/nm5680219/"
        }
    ],
    "creator": [
        {
            "@type": "Person",
            "name": "V. Bhaskar Naidu",
            "url": "/name/nm14201993/"
        },
        {
            "@type": "Person",
            "name": "V. Nagendra Prasad",
            "url": "/name/nm5680219/"
        },
        {
            "@type": "Person",
            "name": "S.K. Nagendra Urs",
            "url": "/name/nm12064215/"
        }
    ],
    "datePublished": "2003-01-31",
    "director": [
        {
            "@type": "Person",
            "name": "S.K. Nagendra Urs",
            "url": "/name/nm12064215/"
        }
    ],
    "genre": [
        "Drama"
    ],
    "name": "Heart Beats",
    "original_info": {
        "id": "Heart_2003",
        "name": "Heart",
        "year": "2003"
    },
    "url": "/title/tt14677342/"
}