{
    "@context": "https://schema.org",
    "@type": "Movie",
    "actor": [
        {
            "@type": "Person",
            "name": "Kevin Sorbo",
            "url": "/name/nm0001757/"
        },
        {
            "@type": "Person",
            "name": "Anthony Quinn",
            "url": "/name/nm0000063/"
        },
        {
            "@type": "Person",
            "name": "Renée O'Connor",
            "url": "/name/nm0640488/"
        }
    ],
    "aggregateRating": {
        "@type": "AggregateRating",
        "bestRating": 10,
        "ratingCount": 2589,
        "ratingValue": 6.4,
        "worstRating": 1
    },
    "contentRating": "Not Rated",
    "creator": [
        {
            "@type": "Organization",
            "url": "/company/co0083984/"
        },
        {
            "@type": "Organization",
            "url": "/company/co0047594/"
        },
        {
            "@type": "Organization",
            "url": "/company/co0046592/"
        },
        {
            "@type": "Person",
            "name": "Christian Williams",
            "url": "/name/nm0003994/"
        }
    ],
    "datePublished": "1994-05-02",
    "description": "Hercules is provoked till he has no other choice then fight Gargan, a giant who had absolutely no quarrel with him- and decks the mountain of aggression easily. Then the last survivor of a group of messengers, killed off one by on...",
    "director": [
        {
            "@type": "Person",
            "name": "Harley Cokeliss",
            "url": "/name/nm0170113/"
        }
    ],
    "duration": "PT1H31M",
    "genre": [
        "Action",
        "Adventure",
        "Fantasy"
    ],
    "image": "https://m.media-amazon.com/images/M/MV5BNDA2NDMwMTctYTBiNy00YjYxLTg0NmEtNjg3MDM3MWFmZGY0XkEyXkFqcGdeQXVyMTA3OTEyODI1._V1_.jpg",
    "keywords": "battle,legendary hero,demi god,sword and fantasy,sword and sorcery",
    "name": "Hercules: The Legendary Journeys - Hercules and the Lost Kingdom",
    "original_info": {
        "id": "Hercules: The Legendary Journeys: Season 1_1994",
        "name": "Hercules: The Legendary Journeys: Season 1",
        "year": "1994"
    },
    "review": {
        "@type": "Review",
        "author": {
            "@type": "Person",
            "name": "Op_Prime"
        },
        "dateCreated": "2000-02-21",
        "inLanguage": "English",
        "itemReviewed": {
            "@type": "CreativeWork",
            "url": "/title/tt0110017/"
        },
        "name": "Don't miss it",
        "reviewBody": "Don't miss this tv-movie because it has it all. Great acting, great effects and fight scenes and it as well as a superb story. It is interesting to see Renee O'Connor (Deianeira) before becoming Gabrielle on Xena, and Robert Trebor (Waylin) before becoming Salmoneus. I'm glad I got the chance to see this on TNT because it was very good."
    },
    "url": "/title/tt0110017/"
}