{
    "@context": "https://schema.org",
    "@type": "Movie",
    "actor": [
        {
            "@type": "Person",
            "name": "Laurence Fishburne",
            "url": "/name/nm0000401/"
        },
        {
            "@type": "Person",
            "name": "Tim Roth",
            "url": "/name/nm0000619/"
        },
        {
            "@type": "Person",
            "name": "Vanessa Williams",
            "url": "/name/nm0001853/"
        }
    ],
    "aggregateRating": {
        "@type": "AggregateRating",
        "bestRating": 10,
        "ratingCount": 11830,
        "ratingValue": 6.3,
        "worstRating": 1
    },
    "contentRating": "R",
    "creator": [
        {
            "@type": "Organization",
            "url": "/company/co0026841/"
        },
        {
            "@type": "Person",
            "name": "Chris Brancato",
            "url": "/name/nm0104333/"
        }
    ],
    "datePublished": "1997-08-27",
    "description": "Black gangsters in 1930 Harlem fights Dutch Schultz who is trying to horn in on their numbers racket.",
    "director": [
        {
            "@type": "Person",
            "name": "Bill Duke",
            "url": "/name/nm0004886/"
        }
    ],
    "duration": "PT2H10M",
    "genre": [
        "Crime",
        "Drama"
    ],
    "image": "https://m.media-amazon.com/images/M/MV5BMmExY2QyMDYtZjc1NC00YzRmLWJlYzUtODY1MzA2OTliNmE1XkEyXkFqcGdeQXVyMTMxMTY0OTQ@._V1_.jpg",
    "keywords": "1930s,gangster,great depression,street shootout,irish american",
    "name": "Hoodlum",
    "original_info": {
        "id": "Hoodlum_1997",
        "name": "Hoodlum",
        "year": "1997"
    },
    "review": {
        "@type": "Review",
        "author": {
            "@type": "Person",
            "name": "MadamWarden"
        },
        "dateCreated": "2020-05-18",
        "inLanguage": "English",
        "itemReviewed": {
            "@type": "CreativeWork",
            "url": "/title/tt0119311/"
        },
        "name": "GOODLUM!",
        "reviewBody": "An epic gangster story. Great performances. They don't make them like this no more!😎",
        "reviewRating": {
            "@type": "Rating",
            "bestRating": 10,
            "ratingValue": 7,
            "worstRating": 1
        }
    },
    "trailer": {
        "@type": "VideoObject",
        "description": "Black gangsters in 1930 Harlem fights Dutch Schultz who is trying to horn in on their numbers racket.",
        "duration": "PT2M12S",
        "embedUrl": "https://www.imdb.com/video/imdb/vi177455897",
        "name": "Official Trailer",
        "thumbnail": {
            "@type": "ImageObject",
            "contentUrl": "https://m.media-amazon.com/images/M/MV5BNzAzZWE1NDctNjU5OC00NGU5LTkxYjktOGNjNzc3MmY4MTQ1XkEyXkFqcGdeQWxiaWFtb250._V1_.jpg"
        },
        "thumbnailUrl": "https://m.media-amazon.com/images/M/MV5BNzAzZWE1NDctNjU5OC00NGU5LTkxYjktOGNjNzc3MmY4MTQ1XkEyXkFqcGdeQWxiaWFtb250._V1_.jpg",
        "uploadDate": "2021-10-04T23:30:57.782Z",
        "url": "https://www.imdb.com/video/vi177455897/"
    },
    "url": "/title/tt0119311/"
}