{
    "@context": "https://schema.org",
    "@type": "Movie",
    "actor": [
        {
            "@type": "Person",
            "name": "Cary Grant",
            "url": "/name/nm0000026/"
        },
        {
            "@type": "Person",
            "name": "Sophia Loren",
            "url": "/name/nm0000047/"
        },
        {
            "@type": "Person",
            "name": "Martha Hyer",
            "url": "/name/nm0405054/"
        }
    ],
    "aggregateRating": {
        "@type": "AggregateRating",
        "bestRating": 10,
        "ratingCount": 9074,
        "ratingValue": 6.6,
        "worstRating": 1
    },
    "contentRating": "Unrated",
    "creator": [
        {
            "@type": "Organization",
            "url": "/company/co0023400/"
        },
        {
            "@type": "Person",
            "name": "Melville Shavelson",
            "url": "/name/nm0789520/"
        },
        {
            "@type": "Person",
            "name": "Jack Rose",
            "url": "/name/nm0741439/"
        },
        {
            "@type": "Person",
            "name": "Betsy Drake",
            "url": "/name/nm0236860/"
        }
    ],
    "datePublished": "1958-11-19",
    "description": "A widower, his three young children, and an Italian nanny get to know each other better when circumstances have them living together aboard a badly neglected houseboat.",
    "director": [
        {
            "@type": "Person",
            "name": "Melville Shavelson",
            "url": "/name/nm0789520/"
        }
    ],
    "duration": "PT1H50M",
    "genre": [
        "Comedy",
        "Drama",
        "Family"
    ],
    "image": "https://m.media-amazon.com/images/M/MV5BNGZmZmYyZDUtZTIwYy00NTI2LWJiNjctYzU4ZmU2Njk1Zjc4XkEyXkFqcGdeQXVyNjE5MjUyOTM@._V1_.jpg",
    "keywords": "washington d.c.,carnival,italian woman,italian abroad,rescue from drowning",
    "name": "Houseboat",
    "original_info": {
        "id": "Houseboat_1958",
        "name": "Houseboat",
        "year": "1958"
    },
    "review": {
        "@type": "Review",
        "author": {
            "@type": "Person",
            "name": "psamd"
        },
        "dateCreated": "2003-02-07",
        "inLanguage": "English",
        "itemReviewed": {
            "@type": "CreativeWork",
            "url": "/title/tt0051745/"
        },
        "name": "Location Trivia",
        "reviewBody": "Just thought you might like to know that HOUSEBOAT was partially shot at Fort Washington, Maryland.... right on the Potomac, south of Washington, DC. To my knowledge, this is the only Hollywood movie ever shot at the Fort. Since the movie was made there is now a COMMUNITY built up around the fort ALSO called \"Fort Washington\".... zip code 20744. In 1958 Fort Washington, Maryland was part of Oxon Hill, MD."
    },
    "trailer": {
        "@type": "VideoObject",
        "description": "Official Trailer",
        "duration": "PT2M22S",
        "embedUrl": "https://www.imdb.com/video/imdb/vi2602417689",
        "name": "Houseboat",
        "thumbnail": {
            "@type": "ImageObject",
            "contentUrl": "https://m.media-amazon.com/images/M/MV5BZTEwMWY0YTMtNTQ3Zi00Y2MyLTgwY2UtYmRjYzYyN2I3OGZlXkEyXkFqcGdeQVRoaXJkUGFydHlJbmdlc3Rpb25Xb3JrZmxvdw@@._V1_.jpg"
        },
        "thumbnailUrl": "https://m.media-amazon.com/images/M/MV5BZTEwMWY0YTMtNTQ3Zi00Y2MyLTgwY2UtYmRjYzYyN2I3OGZlXkEyXkFqcGdeQVRoaXJkUGFydHlJbmdlc3Rpb25Xb3JrZmxvdw@@._V1_.jpg",
        "uploadDate": "2020-07-02T17:02:47.112Z",
        "url": "https://www.imdb.com/video/vi2602417689/"
    },
    "url": "/title/tt0051745/"
}