{
    "@context": "https://schema.org",
    "@type": "Movie",
    "actor": [
        {
            "@type": "Person",
            "name": "Anna Kendrick",
            "url": "/name/nm0447695/"
        },
        {
            "@type": "Person",
            "name": "Meryl Streep",
            "url": "/name/nm0000658/"
        },
        {
            "@type": "Person",
            "name": "Chris Pine",
            "url": "/name/nm1517976/"
        }
    ],
    "aggregateRating": {
        "@type": "AggregateRating",
        "bestRating": 10,
        "ratingCount": 143683,
        "ratingValue": 5.9,
        "worstRating": 1
    },
    "contentRating": "PG",
    "creator": [
        {
            "@type": "Organization",
            "url": "/company/co0811481/"
        },
        {
            "@type": "Organization",
            "url": "/company/co0206362/"
        },
        {
            "@type": "Organization",
            "url": "/company/co0093810/"
        },
        {
            "@type": "Person",
            "name": "James Lapine",
            "url": "/name/nm0487567/"
        }
    ],
    "datePublished": "2014-12-25",
    "description": "A witch tasks a childless baker and his wife with procuring magical items from classic fairy tales to reverse the curse put on their family tree.",
    "director": [
        {
            "@type": "Person",
            "name": "Rob Marshall",
            "url": "/name/nm0551128/"
        }
    ],
    "duration": "PT2H5M",
    "genre": [
        "Adventure",
        "Comedy",
        "Drama"
    ],
    "image": "https://m.media-amazon.com/images/M/MV5BMTY4MzQ4OTY3NF5BMl5BanBnXkFtZTgwNjM5MDI3MjE@._V1_.jpg",
    "keywords": "witch,singing,baker,curse,woods",
    "name": "Into the Woods",
    "review": {
        "@type": "Review",
        "author": {
            "@type": "Person",
            "name": "sergelamarche"
        },
        "dateCreated": "2018-03-01",
        "inLanguage": "English",
        "itemReviewed": {
            "@type": "CreativeWork",
            "url": "/title/tt2180411/"
        },
        "name": "ayoye!",
        "reviewBody": "Oyoyoye, this reminded me of song mashups. With the singing, it was horrible. I felt an aversion right at the beginning. Too bad because the production seems top quality otherwise.",
        "reviewRating": {
            "@type": "Rating",
            "bestRating": 10,
            "ratingValue": 3,
            "worstRating": 1
        }
    },
    "trailer": {
        "@type": "VideoObject",
        "description": "A modern twist on several of the Brothers Grimm fairy tales, intertwining the plots of a few choice stories and exploring the consequences of the charactersÂ’ wishes and quests. The musical follows the tales of Cinderella, Little Red Riding Hood, Jack and the Beanstalk, and Rapunzel Â— all tied together by an original story involving a baker and his wife, their wish to begin a family and their interaction with the witch who has put a curse on them.",
        "duration": "PT1M48S",
        "embedUrl": "https://www.imdb.com/video/imdb/vi2720443417",
        "name": "Teaser Trailer",
        "thumbnail": {
            "@type": "ImageObject",
            "contentUrl": "https://m.media-amazon.com/images/M/MV5BMTQ3NjEzOTk2OV5BMl5BanBnXkFtZTgwOTgxNDMzMzE@._V1_.jpg"
        },
        "thumbnailUrl": "https://m.media-amazon.com/images/M/MV5BMTQ3NjEzOTk2OV5BMl5BanBnXkFtZTgwOTgxNDMzMzE@._V1_.jpg",
        "uploadDate": "2014-08-02T08:40:29Z",
        "url": "https://www.imdb.com/video/vi2720443417/"
    },
    "url": "/title/tt2180411/"
}