{
    "@context": "https://schema.org",
    "@type": "Movie",
    "actor": [
        {
            "@type": "Person",
            "name": "Arthur Allen",
            "url": "/name/nm0020276/"
        },
        {
            "@type": "Person",
            "name": "Albert Allen",
            "url": "/name/nm0020247/"
        },
        {
            "@type": "Person",
            "name": "Stella Benabon",
            "url": "/name/nm0070144/"
        }
    ],
    "aggregateRating": {
        "@type": "AggregateRating",
        "bestRating": 10,
        "ratingCount": 1756,
        "ratingValue": 7.7,
        "worstRating": 1
    },
    "contentRating": "R",
    "creator": [
        {
            "@type": "Organization",
            "url": "/company/co0002663/"
        }
    ],
    "datePublished": "1973-08-16",
    "description": "This documentary was made three years after Jimi Hendrix's untimely death. At the time it was an example of how a visual biography should be done, but some of the information in it needs revising in the light of new information un...",
    "director": [
        {
            "@type": "Person",
            "name": "Joe Boyd",
            "url": "/name/nm0101810/"
        },
        {
            "@type": "Person",
            "name": "John Head",
            "url": "/name/nm0372146/"
        },
        {
            "@type": "Person",
            "name": "Gary Weis",
            "url": "/name/nm0918660/"
        }
    ],
    "duration": "PT1H38M",
    "genre": [
        "Documentary",
        "Biography",
        "Music"
    ],
    "image": "https://m.media-amazon.com/images/M/MV5BMzE4ODM1OTkyNl5BMl5BanBnXkFtZTgwOTk1NDc1MDE@._V1_.jpg",
    "keywords": "character name as title,jimi hendrix character,two word title,performance,interview",
    "name": "Jimi Hendrix",
    "original_info": {
        "id": "Jimi Hendrix_1973",
        "name": "Jimi Hendrix",
        "year": "1973"
    },
    "review": {
        "@type": "Review",
        "author": {
            "@type": "Person",
            "name": "StrictlyConfidential"
        },
        "dateCreated": "2020-11-04",
        "inLanguage": "English",
        "itemReviewed": {
            "@type": "CreativeWork",
            "url": "/title/tt0070242/"
        },
        "name": "The Man And His Guitar",
        "reviewBody": "Jimi Hendrix (1942-1970) is widely regarded as being one of the most influential electric guitarists in the history of popular music and one of the most celebrated musicians of the 20th century.\n\nOriginally released back in 1973 (three years following Hendrix' untimely death) - This informative bio-documentary offers the viewer a pretty good overview of the life and times of guitarist extraordinaire, Jimi Hendrix.",
        "reviewRating": {
            "@type": "Rating",
            "bestRating": 10,
            "ratingValue": 6,
            "worstRating": 1
        }
    },
    "trailer": {
        "@type": "VideoObject",
        "description": "Home Video Trailer from Warner Bros. Pictures",
        "duration": "PT3M3S",
        "embedUrl": "https://www.imdb.com/video/imdb/vi7274521",
        "name": "Jimi Hendrix",
        "thumbnail": {
            "@type": "ImageObject",
            "contentUrl": "https://m.media-amazon.com/images/M/MV5BMTViZjJlODktMzg0NS00MzY4LTg2MzktM2NmYTkxOTAzMjgyXkEyXkFqcGdeQXVyNzU1NzE3NTg@._V1_.jpg"
        },
        "thumbnailUrl": "https://m.media-amazon.com/images/M/MV5BMTViZjJlODktMzg0NS00MzY4LTg2MzktM2NmYTkxOTAzMjgyXkEyXkFqcGdeQXVyNzU1NzE3NTg@._V1_.jpg",
        "uploadDate": "2008-10-29T03:26:55Z",
        "url": "https://www.imdb.com/video/vi7274521/"
    },
    "url": "/title/tt0070242/"
}