{
    "@context": "https://schema.org",
    "@type": "Movie",
    "actor": [
        {
            "@type": "Person",
            "name": "Justin Timberlake",
            "url": "/name/nm0005493/"
        }
    ],
    "aggregateRating": {
        "@type": "AggregateRating",
        "bestRating": 10,
        "ratingCount": 858,
        "ratingValue": 7.8,
        "worstRating": 1
    },
    "contentRating": "Not Rated",
    "creator": [
        {
            "@type": "Organization",
            "url": "/company/co0035408/"
        }
    ],
    "datePublished": "2007-09-03",
    "description": "The electrifying FutureSex/LoveShow finds Justin Timberlake putting on a typically stunning set before a sold-out crowd at New York's Madison Square Garden. Fans looking for pulse-pounding renditions of \"My Love,\" \"Rock Your Body,...",
    "director": [
        {
            "@type": "Person",
            "name": "Marty Callner",
            "url": "/name/nm0130549/"
        }
    ],
    "duration": "PT2H22M",
    "genre": [
        "Music"
    ],
    "image": "https://m.media-amazon.com/images/M/MV5BMTI0NDMzMDg5MF5BMl5BanBnXkFtZTcwNTc5MjM2MQ@@._V1_.jpg",
    "keywords": "tv special,madison square garden manhattan new york city,live performance,concert film",
    "name": "Justin Timberlake FutureSex/LoveShow",
    "original_info": {
        "id": "Justin Timberlake: Live from London_2003",
        "name": "Justin Timberlake: Live from London",
        "year": "2003"
    },
    "url": "/title/tt1099972/"
}