{
    "@context": "https://schema.org",
    "@type": "Movie",
    "actor": [
        {
            "@type": "Person",
            "name": "Chelsea Hill",
            "url": "/name/nm6001514/"
        },
        {
            "@type": "Person",
            "name": "Maddy Owens",
            "url": "/name/nm3145445/"
        },
        {
            "@type": "Person",
            "name": "Leslie Sansone",
            "url": "/name/nm1391493/"
        }
    ],
    "description": "A 30 minute-a-day workout for 30 days for amazing results!",
    "genre": [
        "Short"
    ],
    "image": "https://m.media-amazon.com/images/M/MV5BN2FjYjgzN2MtYmQxOC00YTg3LTg4NmItNzY2NzExYWFiNTUzXkEyXkFqcGdeQXVyNzQwMzAwNTI@._V1_.jpg",
    "name": "Leslie Sansone - Walk It Off in 30 Days",
    "original_info": {
        "id": "Leslie Sansone: Walk Away the Pounds: Walk & Jog_2004",
        "name": "Leslie Sansone: Walk Away the Pounds: Walk & Jog",
        "year": "2004"
    },
    "url": "/title/tt3244574/"
}