{
    "@context": "https://schema.org",
    "@type": "Movie",
    "actor": [
        {
            "@type": "Person",
            "name": "Jean Harlow",
            "url": "/name/nm0001318/"
        },
        {
            "@type": "Person",
            "name": "William Powell",
            "url": "/name/nm0001635/"
        },
        {
            "@type": "Person",
            "name": "Myrna Loy",
            "url": "/name/nm0001485/"
        }
    ],
    "aggregateRating": {
        "@type": "AggregateRating",
        "bestRating": 10,
        "ratingCount": 8455,
        "ratingValue": 7.8,
        "worstRating": 1
    },
    "contentRating": "Passed",
    "creator": [
        {
            "@type": "Organization",
            "url": "/company/co0007143/"
        },
        {
            "@type": "Person",
            "name": "Maurine Dallas Watkins",
            "url": "/name/nm0914362/"
        },
        {
            "@type": "Person",
            "name": "Howard Emmett Rogers",
            "url": "/name/nm0736911/"
        },
        {
            "@type": "Person",
            "name": "George Oppenheimer",
            "url": "/name/nm0649183/"
        }
    ],
    "datePublished": "1936-10-09",
    "description": "When a socialite sues a big paper for libel, the editor responsible calls in the help of his ignored fiancée and a former employee to frame her and make the false story seem true.",
    "director": [
        {
            "@type": "Person",
            "name": "Jack Conway",
            "url": "/name/nm0176699/"
        }
    ],
    "duration": "PT1H38M",
    "genre": [
        "Comedy",
        "Romance"
    ],
    "image": "https://m.media-amazon.com/images/M/MV5BY2ZiMjFkNDEtMTY5Mi00NTA1LTllOGQtZGI1NWI4MGQ2NjBlXkEyXkFqcGdeQXVyMDI2NDg0NQ@@._V1_.jpg",
    "keywords": "marriage,scheme,divorce,f rated,fiance fiancee relationship",
    "name": "Libeled Lady",
    "original_info": {
        "id": "Libeled Lady_1936",
        "name": "Libeled Lady",
        "year": "1936"
    },
    "review": {
        "@type": "Review",
        "author": {
            "@type": "Person",
            "name": "blanche-2"
        },
        "dateCreated": "2005-10-05",
        "inLanguage": "English",
        "itemReviewed": {
            "@type": "CreativeWork",
            "url": "/title/tt0027884/"
        },
        "name": "\"She may be married to him, but she's engaged to me!\"",
        "reviewBody": "Spencer Tracy, William Powell, Myrna Loy, and Jean Harlow star in \"Libeled Lady,\" about the attempts to convince a society woman to drop a lawsuit against a newspaper.\n\nSpencer Tracy is a scream in his role of a newspaper editor who has been engaged to Jean Harlow for some time, but his work keeps getting in the way of their marriage and relationship. His whole life revolves around his newspaper. When an heiress, played by Loy, sues the newspaper for libel, Tracy puts William Powell to work, hoping that by photographing them together, he can convince Loy to drop the suit. But it will only work if Powell is a married man caught cheating, so Tracy convinces Harlow to marry him.\n\nHarlow is her usual feisty self. Powell is marvelous, especially in his fishing scenes, which are classics, especially the one in which he literally chases a trout through a stream. It's laugh out loud material if there ever was any. Loy has the least showy part, though she's quite beautiful and works well with Powell, portending great things to come.\n\nThis is a very enjoyable film with Tracy milking the comedy for all it's worth. Apparently his comedic work was a revelation back then, unlike today, when we know how adept he was at it.",
        "reviewRating": {
            "@type": "Rating",
            "bestRating": 10,
            "ratingValue": 8,
            "worstRating": 1
        }
    },
    "trailer": {
        "@type": "VideoObject",
        "description": "Official Trailer",
        "duration": "PT2M46S",
        "embedUrl": "https://www.imdb.com/video/imdb/vi1517272857",
        "name": "Libeled Lady",
        "thumbnail": {
            "@type": "ImageObject",
            "contentUrl": "https://m.media-amazon.com/images/M/MV5BYTljMWFkM2QtMDlkNi00NjQ2LTg1MzgtMTQxM2ZhODI2NTA5XkEyXkFqcGdeQVRoaXJkUGFydHlJbmdlc3Rpb25Xb3JrZmxvdw@@._V1_.jpg"
        },
        "thumbnailUrl": "https://m.media-amazon.com/images/M/MV5BYTljMWFkM2QtMDlkNi00NjQ2LTg1MzgtMTQxM2ZhODI2NTA5XkEyXkFqcGdeQVRoaXJkUGFydHlJbmdlc3Rpb25Xb3JrZmxvdw@@._V1_.jpg",
        "uploadDate": "2020-01-28T17:05:58.347Z",
        "url": "https://www.imdb.com/video/vi1517272857/"
    },
    "url": "/title/tt0027884/"
}