{
    "@context": "https://schema.org",
    "@type": "Movie",
    "actor": [
        {
            "@type": "Person",
            "name": "Tate Donovan",
            "url": "/name/nm0004883/"
        },
        {
            "@type": "Person",
            "name": "Sandra Bullock",
            "url": "/name/nm0000113/"
        },
        {
            "@type": "Person",
            "name": "Mary Mara",
            "url": "/name/nm0544721/"
        }
    ],
    "aggregateRating": {
        "@type": "AggregateRating",
        "bestRating": 10,
        "ratingCount": 14664,
        "ratingValue": 5.7,
        "worstRating": 1
    },
    "contentRating": "PG-13",
    "creator": [
        {
            "@type": "Organization",
            "url": "/company/co0039152/"
        },
        {
            "@type": "Organization",
            "url": "/company/co0000756/"
        },
        {
            "@type": "Person",
            "name": "Dale Launer",
            "url": "/name/nm0490958/"
        }
    ],
    "datePublished": "1992-11-13",
    "description": "Two scientists who are hopeless with the opposite sex experiment with a substance that makes them irresistible to anyone who hears them speak.",
    "director": [
        {
            "@type": "Person",
            "name": "Dale Launer",
            "url": "/name/nm0490958/"
        }
    ],
    "duration": "PT1H32M",
    "genre": [
        "Comedy",
        "Fantasy",
        "Romance"
    ],
    "image": "https://m.media-amazon.com/images/M/MV5BY2E2ODE4OTItNmEyNy00ODdmLWJmZjMtMGRiNDk5YjQzNmJhXkEyXkFqcGdeQXVyNjMwMjk0MTQ@._V1_.jpg",
    "keywords": "scientist,love potion,experiment,aphrodisiac,cult favorite",
    "name": "Love Potion No. 9",
    "review": {
        "@type": "Review",
        "author": {
            "@type": "Person",
            "name": "Matador07"
        },
        "dateCreated": "2002-03-01",
        "inLanguage": "English",
        "itemReviewed": {
            "@type": "CreativeWork",
            "url": "/title/tt0102343/"
        },
        "name": "Fun Little Film",
        "reviewBody": "This movie is not great cinema, but as long as you don't go into it looking for earth-shattering insight and emotional depth, its actually an amusing little time waster. The movie's goofy but original premise conceals its relatively cliched plots, and all concerned appear to be having fun. Bottomline, if you avoid taking either the movie or yourself too seriously, LP #9 is good for a few laughs.",
        "reviewRating": {
            "@type": "Rating",
            "bestRating": 10,
            "ratingValue": 7,
            "worstRating": 1
        }
    },
    "trailer": {
        "@type": "VideoObject",
        "description": "Home Video Trailer from 20th Century Fox",
        "duration": "PT1M57S",
        "embedUrl": "https://www.imdb.com/video/imdb/vi126812953",
        "name": "Love Potion No. Nine",
        "thumbnail": {
            "@type": "ImageObject",
            "contentUrl": "https://m.media-amazon.com/images/M/MV5BMzllZmMyZjMtYmU5OC00OTUyLTk3MGEtODVmYjVjZWRlNTgxXkEyXkFqcGdeQXVyNzU1NzE3NTg@._V1_.jpg"
        },
        "thumbnailUrl": "https://m.media-amazon.com/images/M/MV5BMzllZmMyZjMtYmU5OC00OTUyLTk3MGEtODVmYjVjZWRlNTgxXkEyXkFqcGdeQXVyNzU1NzE3NTg@._V1_.jpg",
        "uploadDate": "2008-12-19T06:41:26Z",
        "url": "https://www.imdb.com/video/vi126812953/"
    },
    "url": "/title/tt0102343/"
}