{
    "@context": "https://schema.org",
    "@type": "Movie",
    "actor": [
        {
            "@type": "Person",
            "name": "Asuka Tamami",
            "url": "/name/nm1127660/"
        },
        {
            "@type": "Person",
            "name": "Mitsutomo Saiko",
            "url": "/name/nm1127340/"
        },
        {
            "@type": "Person",
            "name": "Sai Kuen Chung",
            "url": "/name/nm1522760/"
        }
    ],
    "aggregateRating": {
        "@type": "AggregateRating",
        "bestRating": 10,
        "ratingCount": 54,
        "ratingValue": 5.3,
        "worstRating": 1
    },
    "alternateName": "Love in Sampan",
    "contentRating": "Not Rated",
    "creator": [
        {
            "@type": "Organization",
            "url": "/company/co0335744/"
        },
        {
            "@type": "Person",
            "name": "Heung Sang Kong",
            "url": "/name/nm1090286/"
        }
    ],
    "datePublished": "1992-06-25",
    "description": "Kiu and three men. Kiu is a fisherman's daughter in a village. Her father is aging, so they hire Wah at their small store. He's new to the village. Next to the store is a restaurant owned by Chuen Wong, probably a small-time thug ...",
    "director": [
        {
            "@type": "Person",
            "name": "Dick An",
            "url": "/name/nm0025543/"
        }
    ],
    "duration": "PT1H27M",
    "genre": [
        "Drama",
        "Romance"
    ],
    "image": "https://m.media-amazon.com/images/M/MV5BNDI0Zjk3MjYtYjc5ZC00MmY0LWJjNGQtMTVkY2FmZmU3MGQ5XkEyXkFqcGdeQXVyNTM3MDMyMDQ@._V1_.jpg",
    "keywords": "sexually dissatisfied wife,neglected wife,lesbian sex,cheating wife,forced marriage",
    "name": "Shan ban '92",
    "original_info": {
        "id": "Love in Sampan_1992",
        "name": "Love in Sampan",
        "year": "1992"
    },
    "url": "/title/tt0185672/"
}