{
    "@context": "https://schema.org",
    "@type": "Movie",
    "actor": [
        {
            "@type": "Person",
            "name": "Glenn Plummer",
            "url": "/name/nm0687625/"
        },
        {
            "@type": "Person",
            "name": "Terrence Howard",
            "url": "/name/nm0005024/"
        },
        {
            "@type": "Person",
            "name": "Clyde Risley Jones",
            "url": "/name/nm0427793/"
        }
    ],
    "aggregateRating": {
        "@type": "AggregateRating",
        "bestRating": 10,
        "ratingCount": 122,
        "ratingValue": 4,
        "worstRating": 1
    },
    "contentRating": "R",
    "creator": [
        {
            "@type": "Person",
            "name": "Kennedy Goldsby",
            "url": "/name/nm0325998/"
        }
    ],
    "datePublished": "2000-06-30",
    "description": "Four friends all going a painful breakup, know too much about each other, and the hostility they've been expressing gets turned toward each other.",
    "director": [
        {
            "@type": "Person",
            "name": "Kennedy Goldsby",
            "url": "/name/nm0325998/"
        }
    ],
    "duration": "PT1H29M",
    "genre": [
        "Drama"
    ],
    "image": "https://m.media-amazon.com/images/M/MV5BNDNkOWYxNzUtODZiMS00Y2NjLWJhMTgtODc0NDAxMzM0MTA5XkEyXkFqcGdeQXVyMTY5Nzc4MDY@._V1_.jpg",
    "keywords": "dominoes game",
    "name": "Love Beat the Hell Outta Me",
    "review": {
        "@type": "Review",
        "author": {
            "@type": "Person",
            "name": "southparkislord"
        },
        "dateCreated": "2019-07-17",
        "inLanguage": "English",
        "itemReviewed": {
            "@type": "CreativeWork",
            "url": "/title/tt0183423/"
        },
        "name": "I loved it..",
        "reviewBody": "I would say it was a movie to just chill to..and see how it is for guys in relationships it was an underrated film, but it aint for everybody..but it was just interesting to me and i loved the soundtracks on there..it made feel some typa way when i first watched it..still does but i dont really ever get of it..i like to watch when i get baked too..but why is everbody hating on the movie it wasnt that bad, yeah it was confusing but it was cool n interesting..but i don't mind what anyone else thinks.",
        "reviewRating": {
            "@type": "Rating",
            "bestRating": 10,
            "ratingValue": 10,
            "worstRating": 1
        }
    },
    "url": "/title/tt0183423/"
}