{
    "@context": "https://schema.org",
    "@type": "Movie",
    "actor": [
        {
            "@type": "Person",
            "name": "Luther Vandross",
            "url": "/name/nm0005526/"
        },
        {
            "@type": "Person",
            "name": "Lisa Fischer",
            "url": "/name/nm1423952/"
        },
        {
            "@type": "Person",
            "name": "Ava Cherry",
            "url": "/name/nm0156051/"
        }
    ],
    "datePublished": "1989-10-17",
    "duration": "PT1H30M",
    "genre": [
        "Music"
    ],
    "name": "Luther Vandross Live at Wembley",
    "original_info": {
        "id": "Luther Vandross: Live at Wembley_1988",
        "name": "Luther Vandross: Live at Wembley",
        "year": "1988"
    },
    "url": "/title/tt14568940/"
}