{
    "@context": "https://schema.org",
    "@type": "Movie",
    "actor": [
        {
            "@type": "Person",
            "name": "Shannen Doherty",
            "url": "/name/nm0001147/"
        },
        {
            "@type": "Person",
            "name": "Jeremy London",
            "url": "/name/nm0518718/"
        },
        {
            "@type": "Person",
            "name": "Jason Lee",
            "url": "/name/nm0005134/"
        }
    ],
    "aggregateRating": {
        "@type": "AggregateRating",
        "bestRating": 10,
        "ratingCount": 125074,
        "ratingValue": 7,
        "worstRating": 1
    },
    "contentRating": "R",
    "creator": [
        {
            "@type": "Organization",
            "url": "/company/co0018555/"
        },
        {
            "@type": "Organization",
            "url": "/company/co0049706/"
        },
        {
            "@type": "Organization",
            "url": "/company/co0007545/"
        },
        {
            "@type": "Person",
            "name": "Kevin Smith",
            "url": "/name/nm0003620/"
        }
    ],
    "datePublished": "1995-10-20",
    "description": "Both dumped by their girlfriends, two best friends seek refuge in the local mall.",
    "director": [
        {
            "@type": "Person",
            "name": "Kevin Smith",
            "url": "/name/nm0003620/"
        }
    ],
    "duration": "PT1H34M",
    "genre": [
        "Comedy",
        "Romance"
    ],
    "image": "https://m.media-amazon.com/images/M/MV5BYzAwNmMyNTEtZWI2MC00OTYzLWFlYzYtMmQ0MTdhYTYwNjNhXkEyXkFqcGdeQXVyMjUzOTY1NTc@._V1_.jpg",
    "keywords": "mall,jay and silent bob,dumped by girlfriend,masturbation,ex girlfriend",
    "name": "Mallrats",
    "original_info": {
        "id": "Mallrats_1995",
        "name": "Mallrats",
        "year": "1995"
    },
    "review": {
        "@type": "Review",
        "author": {
            "@type": "Person",
            "name": "allar100"
        },
        "dateCreated": "2003-02-27",
        "inLanguage": "English",
        "itemReviewed": {
            "@type": "CreativeWork",
            "url": "/title/tt0113749/"
        },
        "name": "Jason Lee is King!!!!",
        "reviewBody": "This is really a starring vehicle for Jason Lee. Lee seems to be the bright point in all of Kevin Smith's films. Technically this film is like all of Kevin Smith's others. Not alot of camera movement, imperfect editing, the usual. But that is not what really matters. The story and the comedic timing is what is most important, and Smith has more than enough to go around. 7/10",
        "reviewRating": {
            "@type": "Rating",
            "bestRating": 10,
            "ratingValue": 7,
            "worstRating": 1
        }
    },
    "trailer": {
        "@type": "VideoObject",
        "description": "Pre",
        "duration": "PT31S",
        "embedUrl": "https://www.imdb.com/video/imdb/vi379060505",
        "name": "Mallrats",
        "thumbnail": {
            "@type": "ImageObject",
            "contentUrl": "https://m.media-amazon.com/images/M/MV5BMjJhMDI4OTEtMjM4MS00MTU0LThmOTQtZWY5Mzg3ODJjNTM1XkEyXkFqcGdeQXVyNzU1NzE3NTg@._V1_.jpg"
        },
        "thumbnailUrl": "https://m.media-amazon.com/images/M/MV5BMjJhMDI4OTEtMjM4MS00MTU0LThmOTQtZWY5Mzg3ODJjNTM1XkEyXkFqcGdeQXVyNzU1NzE3NTg@._V1_.jpg",
        "uploadDate": "2008-04-11T15:08:49Z",
        "url": "https://www.imdb.com/video/vi379060505/"
    },
    "url": "/title/tt0113749/"
}