{
    "@context": "https://schema.org",
    "@type": "Movie",
    "actor": [
        {
            "@type": "Person",
            "name": "Martha Argerich",
            "url": "/name/nm1366374/"
        }
    ],
    "aggregateRating": {
        "@type": "AggregateRating",
        "bestRating": 10,
        "ratingCount": 42,
        "ratingValue": 8.4,
        "worstRating": 1
    },
    "creator": [
        {
            "@type": "Organization",
            "url": "/company/co0034023/"
        }
    ],
    "datePublished": "2003-09-18",
    "description": "The director Georges Gachot has a delightful and stylish gab with the great Argentinean pianist Martha Argerich entwined with wonderful excerpts of her presentations and rehearsals. Along the conversation in French and English, Ma...",
    "director": [
        {
            "@type": "Person",
            "name": "Georges Gachot",
            "url": "/name/nm0300459/"
        }
    ],
    "duration": "PT1H12M",
    "genre": [
        "Documentary",
        "Music"
    ],
    "image": "https://m.media-amazon.com/images/M/MV5BMTMxNTQxNjQzOV5BMl5BanBnXkFtZTYwNTE0MDA3._V1_.jpg",
    "keywords": "pianist,buenos aires argentina,piano,classical music,character name in title",
    "name": "Martha Argerich, conversation nocturne",
    "original_info": {
        "id": "Martha_2003",
        "name": "Martha",
        "year": "2003"
    },
    "review": {
        "@type": "Review",
        "author": {
            "@type": "Person",
            "name": "claudio_carvalho"
        },
        "dateCreated": "2009-09-05",
        "inLanguage": "English",
        "itemReviewed": {
            "@type": "CreativeWork",
            "url": "/title/tt0384318/"
        },
        "name": "A Delightful and Stylish Gab with the Great Pianist",
        "reviewBody": "The director Georges Gachot has a delightful and stylish gab with the great Argentinean pianist Martha Argerich entwined with wonderful excerpts of her presentations and rehearsals. Along the conversation in French and English, Martha discloses parts of her culturally wealthy life since she was a lonely student in Europe and I particularly loved the description of her \"transgression\" when she calls off a concert just to experience the sensation, and then she cuts her own finger to justify the cancellation. In addition to the 63 minutes running time of this classy DVD, there are 38 minutes of concerts and rehearsals of Martha Argerich in the Extras. In accordance with the information in the cover of the DVD, this documentary was awarded with the followings prizes: Prix Italia 2002 (Documentary on Music and the Arts); Golden Prague 2002 (Czech Crystal for Best Documentary & Best Film Students Jury); Premio Asolo (Per La Sezione Biografia D' Artista 2003); and Unesco 2002 (Prix \"Citation Musique\" 26eme Festival Intl. du Film d'Art et Pédagogique). My vote is nine.\n\nTitle (Brazil): \"Martha Argerich, Conversa Noturna\" (\"Martha Argerich, Conversation Nocturne\")",
        "reviewRating": {
            "@type": "Rating",
            "bestRating": 10,
            "ratingValue": 9,
            "worstRating": 1
        }
    },
    "url": "/title/tt0384318/"
}