{
    "@context": "https://schema.org",
    "@type": "TVSeries",
    "actor": [
        {
            "@type": "Person",
            "name": "Kira Vincent-Davis",
            "url": "/name/nm1113042/"
        },
        {
            "@type": "Person",
            "name": "Cynthia Martinez",
            "url": "/name/nm0993426/"
        },
        {
            "@type": "Person",
            "name": "Spike Spencer",
            "url": "/name/nm0818111/"
        }
    ],
    "aggregateRating": {
        "@type": "AggregateRating",
        "bestRating": 10,
        "ratingCount": 498,
        "ratingValue": 7.5,
        "worstRating": 1
    },
    "alternateName": "Martian Successor Nadesico",
    "contentRating": "TV-PG",
    "datePublished": "2000-07-16",
    "description": "Some unknown presence is attacking Earth with dangerous robots and the only thing that can save the day is the crew of the Nadesico: a powerful spaceship.",
    "genre": [
        "Animation",
        "Action",
        "Comedy"
    ],
    "image": "https://m.media-amazon.com/images/M/MV5BNjlmYTVjYjEtZDA4YS00ZmVlLWIwMzAtMTAzMmI5MTQwMjNmXkEyXkFqcGdeQXVyMTA3OTEyODI1._V1_.jpg",
    "keywords": "robot sci fi,anime animation,female nudity,robot,22nd century",
    "name": "Kidô Senkan Nadesico",
    "original_info": {
        "id": "Martian Successor Nadesico_1996",
        "name": "Martian Successor Nadesico",
        "year": "1996"
    },
    "review": {
        "@type": "Review",
        "author": {
            "@type": "Person",
            "name": "deepcheck"
        },
        "dateCreated": "2001-07-17",
        "inLanguage": "English",
        "itemReviewed": {
            "@type": "CreativeWork",
            "url": "/title/tt0115263/"
        },
        "name": "wonderfully fun for anime fans and newbies alike",
        "reviewBody": "This series will amuse both newbies and hardcore fans immensely. It has the solidarity of the characters, combined with excellent animation, voice-acting, and plot to make it one of the best entrances into anime for the uninitiated. It's real treat however, is for the anime veterans, who will see throughout the entire series, parody after parody of series after series of longtime favorites and classics. This show is shameless in parody, filled with comdey and drama, and everyone will love it."
    },
    "trailer": {
        "@type": "VideoObject",
        "description": "Home Video Trailer from ADV Films",
        "duration": "PT1M33S",
        "embedUrl": "https://www.imdb.com/video/imdb/vi2375549209",
        "name": "Martian Successor Nadesico",
        "thumbnail": {
            "@type": "ImageObject",
            "contentUrl": "https://m.media-amazon.com/images/M/MV5BOTJlZmVmYjYtMGZiMS00MzA0LWIxYWYtYjBlMzBkM2EzMTlmXkEyXkFqcGdeQXVyNzU1NzE3NTg@._V1_.jpg"
        },
        "thumbnailUrl": "https://m.media-amazon.com/images/M/MV5BOTJlZmVmYjYtMGZiMS00MzA0LWIxYWYtYjBlMzBkM2EzMTlmXkEyXkFqcGdeQXVyNzU1NzE3NTg@._V1_.jpg",
        "uploadDate": "2008-04-11T15:10:35Z",
        "url": "https://www.imdb.com/video/vi2375549209/"
    },
    "url": "/title/tt0115263/"
}