{
    "@context": "https://schema.org",
    "@type": "TVSeries",
    "actor": [
        {
            "@type": "Person",
            "name": "Marianne Sheehan",
            "url": "/name/nm3693677/"
        },
        {
            "@type": "Person",
            "name": "Rikki Beadle Blair",
            "url": "/name/nm0086333/"
        },
        {
            "@type": "Person",
            "name": "Noel Clarke",
            "url": "/name/nm0164929/"
        }
    ],
    "aggregateRating": {
        "@type": "AggregateRating",
        "bestRating": 10,
        "ratingCount": 214,
        "ratingValue": 6.3,
        "worstRating": 1
    },
    "contentRating": "Unrated",
    "creator": [
        {
            "@type": "Organization",
            "url": "/company/co0617249/"
        },
        {
            "@type": "Organization",
            "url": "/company/co0131400/"
        }
    ],
    "datePublished": "2001-02-21",
    "description": "Kwame is seventeen; sexy and unswervingly straight with his hormones raging like a forest fire.",
    "genre": [
        "Drama",
        "Comedy"
    ],
    "image": "https://m.media-amazon.com/images/M/MV5BMTI1NTQwOTcyOV5BMl5BanBnXkFtZTcwMTMzMTAwMQ@@._V1_.jpg",
    "keywords": "gay,lesbian,masturbation,male frontal nudity,infidelity",
    "name": "Metrosexuality",
    "original_info": {
        "id": "Metrosexuality_2001",
        "name": "Metrosexuality",
        "year": "2001"
    },
    "review": {
        "@type": "Review",
        "author": {
            "@type": "Person",
            "name": "Havan_IronOak"
        },
        "dateCreated": "2001-08-19",
        "inLanguage": "English",
        "itemReviewed": {
            "@type": "CreativeWork",
            "url": "/title/tt0212216/"
        },
        "name": "Another country heard from",
        "reviewBody": "Another Country heard from\n\nIt seems the reviews on this series are mixed. (At least on this site) so let me add my 2 cents worth (pence worth?)\n\nI rented Metrosexuality from my local gay bookstore along with California based soap, West Hollywood Stories. What can I say? Once again the Brits blow us away when it comes to telling good stories in an engaging way.\n\nMetrosexuality is wonderful. It takes an even less traditional stance than `Queer as Folk' but presents gay folks (and their friends and families) in a positive light. The characters are presented within a gay subculture but within that milieu they are so real and understandable that I can identify with them all, even those that are very different from anyone that I know. As a gay man in his 40's I expect to be able to empathize with a 40 something gay man with a son and an ex-lover who's dating an ex-paratrooper but I was amazed by how quickly I felt myself in empathy with a straight man nearing middle age who's missing his wife.\n\nThe actors are uncommonly good looking and there's a wide variety to suit all tastes. The dialogue is so witty that this `Yank' longed for subtitles so that I wouldn't miss anything. The music integrated into the episodes was great and the different closing montages for every episode were a hoot. I only hope that this series goes on and on and that I can somehow find the next set of episodes in the good ole USA.\n\nUnlike Queer as Folk, I don't see this one making it `across the pond' as the sensibility is more British and less easily translated, particularly in its equal treatment of blacks. More's the pity."
    },
    "trailer": {
        "@type": "VideoObject",
        "description": "Metrosexuality",
        "duration": "PT41S",
        "embedUrl": "https://www.imdb.com/video/imdb/vi1251851289",
        "name": "Metrosexuality",
        "thumbnail": {
            "@type": "ImageObject",
            "contentUrl": "https://m.media-amazon.com/images/M/MV5BNjI3YWQ2MmUtNmZlOC00ZmNkLTkxOTMtZjJjNzA5NmYzYmU5XkEyXkFqcGdeQXRyYW5zY29kZS13b3JrZmxvdw@@._V1_.jpg"
        },
        "thumbnailUrl": "https://m.media-amazon.com/images/M/MV5BNjI3YWQ2MmUtNmZlOC00ZmNkLTkxOTMtZjJjNzA5NmYzYmU5XkEyXkFqcGdeQXRyYW5zY29kZS13b3JrZmxvdw@@._V1_.jpg",
        "uploadDate": "2019-04-22T20:08:35.707Z",
        "url": "https://www.imdb.com/video/vi1251851289/"
    },
    "url": "/title/tt0212216/"
}