{
    "@context": "https://schema.org",
    "@type": "Movie",
    "actor": [
        {
            "@type": "Person",
            "name": "Kathy Rose",
            "url": "/name/nm0741512/"
        }
    ],
    "creator": [
        {
            "@type": "Organization",
            "url": "/company/co0072292/"
        },
        {
            "@type": "Person",
            "name": "Kathy Rose",
            "url": "/name/nm0741512/"
        }
    ],
    "datePublished": "1974-06-19",
    "description": "An experimental animated film about a girl and imaginary people from a look-thru mirror.",
    "director": [
        {
            "@type": "Person",
            "name": "Kathy Rose",
            "url": "/name/nm0741512/"
        }
    ],
    "duration": "PT4M",
    "genre": [
        "Animation",
        "Short"
    ],
    "keywords": "mirror,experimental short",
    "name": "Mirror People",
    "original_info": {
        "id": "Mirror_1974",
        "name": "Mirror",
        "year": "1974"
    },
    "url": "/title/tt7595848/"
}