{
    "@context": "https://schema.org",
    "@type": "TVSeries",
    "actor": [
        {
            "@type": "Person",
            "name": "Graham Chapman",
            "url": "/name/nm0001037/"
        },
        {
            "@type": "Person",
            "name": "John Cleese",
            "url": "/name/nm0000092/"
        },
        {
            "@type": "Person",
            "name": "Terry Gilliam",
            "url": "/name/nm0000416/"
        }
    ],
    "aggregateRating": {
        "@type": "AggregateRating",
        "bestRating": 10,
        "ratingCount": 75881,
        "ratingValue": 8.8,
        "worstRating": 1
    },
    "contentRating": "TV-14",
    "creator": [
        {
            "@type": "Organization",
            "url": "/company/co0043107/"
        },
        {
            "@type": "Organization",
            "url": "/company/co0103397/"
        },
        {
            "@type": "Person",
            "name": "Graham Chapman",
            "url": "/name/nm0001037/"
        },
        {
            "@type": "Person",
            "name": "Eric Idle",
            "url": "/name/nm0001385/"
        },
        {
            "@type": "Person",
            "name": "Terry Jones",
            "url": "/name/nm0001402/"
        }
    ],
    "datePublished": "2018-10-02",
    "description": "The original surreal sketch comedy showcase for the Monty Python troupe.",
    "genre": [
        "Comedy"
    ],
    "image": "https://m.media-amazon.com/images/M/MV5BZGI1N2FiYTYtOWU3Mi00MjBlLWJkMGMtMjZmZTQwMDdiYjY3XkEyXkFqcGdeQXVyMTIwMjIwNjQ2._V1_.jpg",
    "keywords": "crossdressing,cutout animation,monty python,sketch comedy,surrealism",
    "name": "Monty Python's Flying Circus",
    "original_info": {
        "id": "Monty Python's Flying Circus_1969",
        "name": "Monty Python's Flying Circus",
        "year": "1969"
    },
    "review": {
        "@type": "Review",
        "author": {
            "@type": "Person",
            "name": "JohnnyJohnHildegaard"
        },
        "dateCreated": "1999-04-06",
        "inLanguage": "English",
        "itemReviewed": {
            "@type": "CreativeWork",
            "url": "/title/tt0063929/"
        },
        "name": "The Circus is On...",
        "reviewBody": "Monty Python's Flying Circus is a show with great comedy. It's so weird anything could be done in it. Like selling an albatross, or having a knight hit you with a chicken... It's so hilarious, you'll drop right off. It's a very classic show for people with British taste. The movies were good... but it never made a benchmark like the TV series did. People... get off trashy Saturday Night Live and try \"Something Completely Different\"!"
    },
    "trailer": {
        "@type": "VideoObject",
        "description": "Trailer for Monty Python's Flying Circus",
        "duration": "PT31S",
        "embedUrl": "https://www.imdb.com/video/imdb/vi3701080345",
        "name": "Monty Python's Flying Circus",
        "thumbnail": {
            "@type": "ImageObject",
            "contentUrl": "https://m.media-amazon.com/images/M/MV5BOTFmYTc3ZWEtNTYxNi00OTA4LTk2NjEtNTI2MTJlNzkyMDdlXkEyXkFqcGdeQWpybA@@._V1_.jpg"
        },
        "thumbnailUrl": "https://m.media-amazon.com/images/M/MV5BOTFmYTc3ZWEtNTYxNi00OTA4LTk2NjEtNTI2MTJlNzkyMDdlXkEyXkFqcGdeQWpybA@@._V1_.jpg",
        "uploadDate": "2008-04-11T15:19:18Z",
        "url": "https://www.imdb.com/video/vi3701080345/"
    },
    "url": "/title/tt0063929/"
}