{
    "@context": "https://schema.org",
    "@type": "Movie",
    "actor": [
        {
            "@type": "Person",
            "name": "Brigitte Mira",
            "url": "/name/nm0591930/"
        },
        {
            "@type": "Person",
            "name": "Ingrid Caven",
            "url": "/name/nm0147061/"
        },
        {
            "@type": "Person",
            "name": "Margit Carstensen",
            "url": "/name/nm0141380/"
        }
    ],
    "aggregateRating": {
        "@type": "AggregateRating",
        "bestRating": 10,
        "ratingCount": 2067,
        "ratingValue": 7.5,
        "worstRating": 1
    },
    "alternateName": "Mother Kusters Goes to Heaven",
    "creator": [
        {
            "@type": "Organization",
            "url": "/company/co0057746/"
        },
        {
            "@type": "Organization",
            "url": "/company/co0015236/"
        },
        {
            "@type": "Person",
            "name": "Rainer Werner Fassbinder",
            "url": "/name/nm0001202/"
        },
        {
            "@type": "Person",
            "name": "Kurt Raab",
            "url": "/name/nm0704624/"
        },
        {
            "@type": "Person",
            "name": "Heinrich Zille",
            "url": "/name/nm0956482/"
        }
    ],
    "datePublished": "1976-01-02",
    "description": "Frau Kusters is preparing dinner late one seemingly-ordinary afternoon in her seemingly-ordinary kitchen in Frankfurt, Germany. She wants to add canned sausages to the stew; her annoying daughter-in-law thinks otherwise. But the p...",
    "director": [
        {
            "@type": "Person",
            "name": "Rainer Werner Fassbinder",
            "url": "/name/nm0001202/"
        }
    ],
    "duration": "PT1H48M",
    "genre": [
        "Drama"
    ],
    "image": "https://m.media-amazon.com/images/M/MV5BODM4ZDM2N2UtOWU4OC00MzU5LThjYjYtMTllZjdlYmQyMmQyXkEyXkFqcGdeQXVyMzIwNDY4NDI@._V1_.jpg",
    "keywords": "murder suicide,years of lead,bar owner,loss of husband,cemetery",
    "name": "Mutter Küsters' Fahrt zum Himmel",
    "review": {
        "@type": "Review",
        "author": {
            "@type": "Person",
            "name": "gavin6942"
        },
        "dateCreated": "2017-09-30",
        "inLanguage": "English",
        "itemReviewed": {
            "@type": "CreativeWork",
            "url": "/title/tt0073424/"
        },
        "name": "Fassbinder",
        "reviewBody": "Frau Kusters is preparing dinner late one seemingly ordinary afternoon in her seemingly ordinary kitchen in Frankfurt, Germany. Mrs. Kusters wants to add canned sausages to the stew, her annoying daughter-in-law thinks otherwise. The point, we soon find out, is moot: Mr. Kusters has murdered the personnel director at the soap factory where he works before committing suicide.\n\nThe film drew on both Douglas Sirk's melodramas and Weimar era workers' films to tell a political coming of age story. Fassbinder also clearly criticizes the small German Communist Party's moderation and \"armchair activism\". Now, I know nothing about the German Communist Party of the 1970s, but I do know Sirk and Fassbinder's borrowing. This film is one of the most obvious Sirk nods I have seen yet. And, therefore, one of the better Fassbinder films.",
        "reviewRating": {
            "@type": "Rating",
            "bestRating": 10,
            "ratingValue": 6,
            "worstRating": 1
        }
    },
    "url": "/title/tt0073424/"
}