{
    "@context": "https://schema.org",
    "@type": "Movie",
    "actor": [
        {
            "@type": "Person",
            "name": "Chingmy Yau",
            "url": "/name/nm0946873/"
        },
        {
            "@type": "Person",
            "name": "Simon Yam",
            "url": "/name/nm0945189/"
        },
        {
            "@type": "Person",
            "name": "Carrie Ng",
            "url": "/name/nm0628731/"
        }
    ],
    "aggregateRating": {
        "@type": "AggregateRating",
        "bestRating": 10,
        "ratingCount": 2524,
        "ratingValue": 5.9,
        "worstRating": 1
    },
    "alternateName": "Naked Killer",
    "contentRating": "R",
    "creator": [
        {
            "@type": "Organization",
            "url": "/company/co0015592/"
        },
        {
            "@type": "Organization",
            "url": "/company/co0061870/"
        },
        {
            "@type": "Person",
            "name": "Jing Wong",
            "url": "/name/nm0939147/"
        }
    ],
    "datePublished": "1995-08-04",
    "description": "A young woman is trained by a martial arts specialist to become a professional assassin.",
    "director": [
        {
            "@type": "Person",
            "name": "Clarence Fok",
            "url": "/name/nm0284011/"
        }
    ],
    "duration": "PT1H29M",
    "genre": [
        "Action",
        "Crime",
        "Romance"
    ],
    "image": "https://m.media-amazon.com/images/M/MV5BNzAyYWVhNjktNTgwNi00N2FiLWJlOTgtNWYwYWMyNjhjODY4XkEyXkFqcGdeQXVyNjQ2MjQ5NzM@._V1_.jpg",
    "keywords": "martial arts,martial arts action,lgbt,handgun,latex gloves",
    "name": "Chik loh goh yeung",
    "original_info": {
        "id": "Naked Killer_1992",
        "name": "Naked Killer",
        "year": "1992"
    },
    "review": {
        "@type": "Review",
        "author": {
            "@type": "Person",
            "name": "InzyWimzy"
        },
        "dateCreated": "2003-09-05",
        "inLanguage": "English",
        "itemReviewed": {
            "@type": "CreativeWork",
            "url": "/title/tt0109412/"
        },
        "name": "Babes, guns, Wong Jing madness",
        "reviewBody": "Whoa. Chingmy Yau is one of the most mesmerizing women I've seen onscreen. From her scene in the salon, she really got my attention and held it throughout.\n\nThis one's is probably Wong Jing's opus. The storyline isn't the main focus whereas you follow the plight of Kitty. I really loved how her character is played from sexy babe, to socialite, innocent but also deadly. How her relationship with Sister Cindy and Tinam also keeps it interesting....and heck, add Princess and Baby in the mix for more fun!\n\nThen, you have the action. This is HK cinema in its prime and it shows. From gang shootouts, training exercises, and assassinations, the action scenes are fast and frantic and done really well. Plus, Wong Jing's eccentric flair adds quirkiness; recall the crime scene where the cops are looking for something and you'll see what I mean.\n\nA great film with a bit of everything added in. Definitely see it for the beautiful Chingmy!",
        "reviewRating": {
            "@type": "Rating",
            "bestRating": 10,
            "ratingValue": 10,
            "worstRating": 1
        }
    },
    "trailer": {
        "@type": "VideoObject",
        "description": "Trailer",
        "duration": "PT1M41S",
        "embedUrl": "https://www.imdb.com/video/imdb/vi4289528089",
        "name": "Naked Killer",
        "thumbnail": {
            "@type": "ImageObject",
            "contentUrl": "https://m.media-amazon.com/images/M/MV5BMDRkODZhMTEtYWZjOS00ODU4LWE3NDktNDIxODI3MmNlNmFmXkEyXkFqcGdeQXVyNzU1NzE3NTg@._V1_.jpg"
        },
        "thumbnailUrl": "https://m.media-amazon.com/images/M/MV5BMDRkODZhMTEtYWZjOS00ODU4LWE3NDktNDIxODI3MmNlNmFmXkEyXkFqcGdeQXVyNzU1NzE3NTg@._V1_.jpg",
        "uploadDate": "2008-04-11T14:28:20Z",
        "url": "https://www.imdb.com/video/vi4289528089/"
    },
    "url": "/title/tt0109412/"
}