{
    "@context": "https://schema.org",
    "@type": "TVSeries",
    "creator": [
        {
            "@type": "Organization",
            "url": "/company/co0280537/"
        }
    ],
    "datePublished": "2016-03-01",
    "genre": [
        "Documentary"
    ],
    "name": "National Geographic Wild: Europe's Great Wilderness",
    "original_info": {
        "id": "National Geographic: Into the Great Pyramid_2002",
        "name": "National Geographic: Into the Great Pyramid",
        "year": "2002"
    },
    "url": "/title/tt16653956/"
}