{
    "@context": "https://schema.org",
    "@type": "Movie",
    "actor": [
        {
            "@type": "Person",
            "name": "Oan Basoon",
            "url": "/name/nm6869128/"
        },
        {
            "@type": "Person",
            "name": "Cynthia Bir",
            "url": "/name/nm2937974/"
        },
        {
            "@type": "Person",
            "name": "Casey Burgener",
            "url": "/name/nm3150677/"
        }
    ],
    "creator": [
        {
            "@type": "Organization",
            "url": "/company/co0010298/"
        },
        {
            "@type": "Person",
            "name": "Chris Lofft",
            "url": "/name/nm1796610/"
        }
    ],
    "datePublished": "2008-01-21",
    "director": [
        {
            "@type": "Person",
            "name": "Chris Lofft",
            "url": "/name/nm1796610/"
        }
    ],
    "genre": [
        "Documentary"
    ],
    "name": "National Geographic Presents: Super Strength",
    "original_info": {
        "id": "National Geographic: Super Croc_2002",
        "name": "National Geographic: Super Croc",
        "year": "2002"
    },
    "url": "/title/tt2058662/"
}