{
    "@context": "https://schema.org",
    "@type": "TVSeries",
    "actor": [
        {
            "@type": "Person",
            "name": "Hsin-chih Chiu",
            "url": "/name/nm1889255/"
        },
        {
            "@type": "Person",
            "name": "Yi Huang",
            "url": "/name/nm0399062/"
        },
        {
            "@type": "Person",
            "name": "Qinqin Jiang",
            "url": "/name/nm1878833/"
        }
    ],
    "aggregateRating": {
        "@type": "AggregateRating",
        "bestRating": 10,
        "ratingCount": 21,
        "ratingValue": 5.3,
        "worstRating": 1
    },
    "datePublished": "2004-06-22",
    "description": "Yu Jiao-Long takes up kung fu with the former rebel master Jade Fox as a way to escape an undesirable arranged marriage, while simultaneously, sword master Li Mu-Bai falls in love with Yu Xiu-Lian when she arrives to avenge the mu...",
    "genre": [
        "Action",
        "Drama"
    ],
    "image": "https://m.media-amazon.com/images/M/MV5BNmUyN2E3NjMtYTM3Ni00Nzc0LWJhNmUtODdlYjljMDNhZWIwXkEyXkFqcGdeQXVyMjg0MTI5NzQ@._V1_.jpg",
    "name": "New Crouching Tiger, Hidden Dragon",
    "original_info": {
        "id": "New Crouching Tiger_2004",
        "name": "New Crouching Tiger",
        "year": "2004"
    },
    "trailer": {
        "@type": "VideoObject",
        "description": "New Crouching Tiger, Hidden Dragon",
        "duration": "PT1M26S",
        "embedUrl": "https://www.imdb.com/video/imdb/vi2793847833",
        "name": "New Crouching Tiger, Hidden Dragon",
        "thumbnail": {
            "@type": "ImageObject",
            "contentUrl": "https://m.media-amazon.com/images/M/MV5BZmI4NWNkOTktMDUxYi00ODliLWEyODQtZTA0YzQxNzJlMDkxXkEyXkFqcGdeQXRyYW5zY29kZS13b3JrZmxvdw@@._V1_.jpg"
        },
        "thumbnailUrl": "https://m.media-amazon.com/images/M/MV5BZmI4NWNkOTktMDUxYi00ODliLWEyODQtZTA0YzQxNzJlMDkxXkEyXkFqcGdeQXRyYW5zY29kZS13b3JrZmxvdw@@._V1_.jpg",
        "uploadDate": "2019-04-22T22:53:14.612Z",
        "url": "https://www.imdb.com/video/vi2793847833/"
    },
    "url": "/title/tt3981658/"
}