{
    "@context": "https://schema.org",
    "@type": "Movie",
    "actor": [
        {
            "@type": "Person",
            "name": "Michael Rooker",
            "url": "/name/nm0740264/"
        },
        {
            "@type": "Person",
            "name": "Judge Reinhold",
            "url": "/name/nm0001662/"
        },
        {
            "@type": "Person",
            "name": "Robert Culp",
            "url": "/name/nm0191685/"
        }
    ],
    "aggregateRating": {
        "@type": "AggregateRating",
        "bestRating": 10,
        "ratingCount": 147,
        "ratingValue": 4.2,
        "worstRating": 1
    },
    "contentRating": "R",
    "creator": [
        {
            "@type": "Organization",
            "url": "/company/co0015207/"
        },
        {
            "@type": "Organization",
            "url": "/company/co0028899/"
        },
        {
            "@type": "Person",
            "name": "Paul Tarantino",
            "url": "/name/nm0850227/"
        }
    ],
    "datePublished": "2000-09-26",
    "description": "A reporter risks his life to get to the bottom of a stack of lies, corruption and murder surrounding the opening of a local power plant.",
    "director": [
        {
            "@type": "Person",
            "name": "Serge Rodnunsky",
            "url": "/name/nm0271084/"
        }
    ],
    "duration": "PT1H34M",
    "genre": [
        "Action",
        "Drama"
    ],
    "image": "https://m.media-amazon.com/images/M/MV5BMTk3ODA1NzMwMF5BMl5BanBnXkFtZTcwMDg5MjgxMQ@@._V1_.jpg",
    "keywords": "fast motion scene,chase,white collar crime,journalism,corruption",
    "name": "Newsbreak",
    "original_info": {
        "id": "Newsbreak_2000",
        "name": "Newsbreak",
        "year": "2000"
    },
    "review": {
        "@type": "Review",
        "author": {
            "@type": "Person",
            "name": "sashkga"
        },
        "dateCreated": "2002-02-10",
        "inLanguage": "English",
        "itemReviewed": {
            "@type": "CreativeWork",
            "url": "/title/tt0195944/"
        },
        "name": "20 years too late",
        "reviewBody": "While I was sitting back watching this flick, it suddenly dawned on me how much this movie resembled an early 80s cop feature, from the overdone chase scenes to the cheesy dialog. But today even the \"investigative reporter caught in intrigue\" hook cannot save this film, considering that films like \"I Love Trouble\" have already pulled this off with much greater flair.\n\nTo top things off, Judge Reinhold delivers one of his worst performances ever, considering how well he has played clichéd roles in the past. Yet another aspect of this movie that would have been better 20 years ago.",
        "reviewRating": {
            "@type": "Rating",
            "bestRating": 10,
            "ratingValue": 4,
            "worstRating": 1
        }
    },
    "trailer": {
        "@type": "VideoObject",
        "description": "Home Video Trailer from MTI",
        "duration": "PT1M23S",
        "embedUrl": "https://www.imdb.com/video/imdb/vi1487798553",
        "name": "Newsbreak",
        "thumbnail": {
            "@type": "ImageObject",
            "contentUrl": "https://m.media-amazon.com/images/M/MV5BNmMxMTQ4NDItZjc2ZC00YTg4LThjODktZDBmYThhOGFiOTNjXkEyXkFqcGdeQXVyNzU1NzE3NTg@._V1_.jpg"
        },
        "thumbnailUrl": "https://m.media-amazon.com/images/M/MV5BNmMxMTQ4NDItZjc2ZC00YTg4LThjODktZDBmYThhOGFiOTNjXkEyXkFqcGdeQXVyNzU1NzE3NTg@._V1_.jpg",
        "uploadDate": "2008-04-11T14:29:49Z",
        "url": "https://www.imdb.com/video/vi1487798553/"
    },
    "url": "/title/tt0195944/"
}