{
    "@context": "https://schema.org",
    "@type": "Movie",
    "description": "Catch the highlights, analysis and discussion from Super Bowl XLIV with Rich Eisen, Steve Mariucci, Deion Sanders and Michael Irvin.",
    "duration": "PT1H5M",
    "genre": [
        "Sport"
    ],
    "keywords": "tv special",
    "name": "NFL GameDay: Super Bowl XLIV",
    "original_info": {
        "id": "NFL: Super Bowl XXXIX_2005",
        "name": "NFL: Super Bowl XXXIX",
        "year": "2005"
    },
    "url": "/title/tt3232326/"
}