{
    "@context": "https://schema.org",
    "@type": "Movie",
    "actor": [
        {
            "@type": "Person",
            "name": "David Lind",
            "url": "/name/nm4057004/"
        },
        {
            "@type": "Person",
            "name": "Rebecca Steele",
            "url": "/name/nm2885977/"
        },
        {
            "@type": "Person",
            "name": "Jimmy Welleby",
            "url": "/name/nm5703184/"
        }
    ],
    "aggregateRating": {
        "@type": "AggregateRating",
        "bestRating": 10,
        "ratingCount": 6,
        "ratingValue": 8.3,
        "worstRating": 1
    },
    "creator": [
        {
            "@type": "Person",
            "name": "Bank Tangjaitrong",
            "url": "/name/nm4041027/"
        }
    ],
    "description": "A hotel bellboy takes on a task of helping a woman find her lost luggage but their brief encounter turns into the love story of his dreams.",
    "director": [
        {
            "@type": "Person",
            "name": "Bank Tangjaitrong",
            "url": "/name/nm4041027/"
        }
    ],
    "duration": "PT27M",
    "genre": [
        "Short",
        "Drama",
        "Romance"
    ],
    "image": "https://m.media-amazon.com/images/M/MV5BNzQ1NzI5NDcxNF5BMl5BanBnXkFtZTcwMjgxMzM2OQ@@._V1_.jpg",
    "name": "Night Porter",
    "original_info": {
        "id": "Night Porter_1974",
        "name": "Night Porter",
        "year": "1974"
    },
    "url": "/title/tt2952938/"
}