{
    "@context": "https://schema.org",
    "@type": "Movie",
    "actor": [
        {
            "@type": "Person",
            "name": "Renée Zellweger",
            "url": "/name/nm0000250/"
        },
        {
            "@type": "Person",
            "name": "Morgan Freeman",
            "url": "/name/nm0000151/"
        },
        {
            "@type": "Person",
            "name": "Chris Rock",
            "url": "/name/nm0001674/"
        }
    ],
    "aggregateRating": {
        "@type": "AggregateRating",
        "bestRating": 10,
        "ratingCount": 35611,
        "ratingValue": 6.3,
        "worstRating": 1
    },
    "contentRating": "R",
    "creator": [
        {
            "@type": "Organization",
            "url": "/company/co0018555/"
        },
        {
            "@type": "Organization",
            "url": "/company/co0112880/"
        },
        {
            "@type": "Organization",
            "url": "/company/co0058765/"
        },
        {
            "@type": "Person",
            "name": "John C. Richards",
            "url": "/name/nm0724167/"
        },
        {
            "@type": "Person",
            "name": "James Flamberg",
            "url": "/name/nm0280963/"
        }
    ],
    "datePublished": "2000-09-08",
    "description": "Comedy about a widow's post-traumatic obsession with a soap star.",
    "director": [
        {
            "@type": "Person",
            "name": "Neil LaBute",
            "url": "/name/nm0001438/"
        }
    ],
    "duration": "PT1H50M",
    "genre": [
        "Comedy",
        "Crime",
        "Drama"
    ],
    "image": "https://m.media-amazon.com/images/M/MV5BYjU2OGVhYjgtYWE3Zi00MzM5LWEwYjgtYjQxNzkxNzhhZGFjXkEyXkFqcGdeQXVyNjU0NTI0Nw@@._V1_.jpg",
    "keywords": "soap opera,soap opera actor,fictional soap opera,soap opera star,police officer",
    "name": "Nurse Betty",
    "original_info": {
        "id": "Nurse Betty_2000",
        "name": "Nurse Betty",
        "year": "2000"
    },
    "review": {
        "@type": "Review",
        "author": {
            "@type": "Person",
            "name": "FlorisV"
        },
        "dateCreated": "2003-08-29",
        "inLanguage": "English",
        "itemReviewed": {
            "@type": "CreativeWork",
            "url": "/title/tt0171580/"
        },
        "name": "Unique, inconsistent but great",
        "reviewBody": "There's much to enjoy here if you like movies because of the actors. I was attracted to this film because of Morgan Freeman and Chris Rock who always deliver, but there's also great acting from the rest of the cast, most notably Zellweger but Kinnear is also perfectly casted as is the rest, no exceptions. All a joy to watch.\n\nAnd then there's the offbeat plot with a woman living in a fantasy of being a soap character that takes over her life and makes her forget that she was just a waitress in Kansas with a cheating husband who got killed in front of her eyes by hitmen. Sometimes I thought the movie was thrown way off balance with the sudden bloodshed but most of the time it was a very warm film. It was the wonderful, strange mixture between cold reality and movielike fantasy that made it interesting. It's good for a couple of dosed laughs but I would classify this as a tragic comedy with a relatively happy and satisfying ending, tho it may be cheap to some. Funny thing is, as life can be stranger than film, all in the movie could in theory happen! And the focus is still very much on human emotions so in that way the movie is still down to earth.\n\nBetter than I expected, this film rules, can't get enough of Morgan or Chris but really everybody did a great job making this film.\n\n 8 out of 10"
    },
    "trailer": {
        "@type": "VideoObject",
        "description": "Home Video Trailer from Universal Studios Home Entertainment",
        "duration": "PT1M34S",
        "embedUrl": "https://www.imdb.com/video/imdb/vi1939734809",
        "name": "Nurse Betty",
        "thumbnail": {
            "@type": "ImageObject",
            "contentUrl": "https://m.media-amazon.com/images/M/MV5BY2ZmZDAxODctOTdlNC00NzhhLWJlMzYtY2YxOThjYWY0MmEyXkEyXkFqcGdeQXVyNzU1NzE3NTg@._V1_.jpg"
        },
        "thumbnailUrl": "https://m.media-amazon.com/images/M/MV5BY2ZmZDAxODctOTdlNC00NzhhLWJlMzYtY2YxOThjYWY0MmEyXkEyXkFqcGdeQXVyNzU1NzE3NTg@._V1_.jpg",
        "uploadDate": "2008-04-11T15:30:42Z",
        "url": "https://www.imdb.com/video/vi1939734809/"
    },
    "url": "/title/tt0171580/"
}