{
    "@context": "https://schema.org",
    "@type": "Movie",
    "actor": [
        {
            "@type": "Person",
            "name": "Ron Livingston",
            "url": "/name/nm0515296/"
        },
        {
            "@type": "Person",
            "name": "Jennifer Aniston",
            "url": "/name/nm0000098/"
        },
        {
            "@type": "Person",
            "name": "David Herman",
            "url": "/name/nm0379114/"
        }
    ],
    "aggregateRating": {
        "@type": "AggregateRating",
        "bestRating": 10,
        "ratingCount": 273180,
        "ratingValue": 7.6,
        "worstRating": 1
    },
    "contentRating": "R",
    "creator": [
        {
            "@type": "Organization",
            "url": "/company/co0000756/"
        },
        {
            "@type": "Organization",
            "url": "/company/co0070636/"
        },
        {
            "@type": "Organization",
            "url": "/company/co0112884/"
        },
        {
            "@type": "Person",
            "name": "Mike Judge",
            "url": "/name/nm0431918/"
        }
    ],
    "datePublished": "1999-02-19",
    "description": "Three company workers who hate their jobs decide to rebel against their greedy boss.",
    "director": [
        {
            "@type": "Person",
            "name": "Mike Judge",
            "url": "/name/nm0431918/"
        }
    ],
    "duration": "PT1H29M",
    "genre": [
        "Comedy"
    ],
    "image": "https://m.media-amazon.com/images/M/MV5BOTA5MzQ3MzI1NV5BMl5BanBnXkFtZTgwNTcxNTYxMTE@._V1_.jpg",
    "keywords": "black comedy,boss,office,computer,corporation",
    "name": "Office Space",
    "original_info": {
        "id": "Office Space_1999",
        "name": "Office Space",
        "year": "1999"
    },
    "review": {
        "@type": "Review",
        "author": {
            "@type": "Person",
            "name": "perica-43151"
        },
        "dateCreated": "2018-07-21",
        "inLanguage": "English",
        "itemReviewed": {
            "@type": "CreativeWork",
            "url": "/title/tt0151804/"
        },
        "name": "A truly exceptional comedy",
        "reviewBody": "This movie is original, perfectly captures frustrations and it does not take itself too seriously. It well deserves the cult following it gets. Perhaps not innovative in its cinematography but it has brilliant storytelling and wit. A classic",
        "reviewRating": {
            "@type": "Rating",
            "bestRating": 10,
            "ratingValue": 9,
            "worstRating": 1
        }
    },
    "trailer": {
        "@type": "VideoObject",
        "description": "Special Edition With Flair",
        "duration": "PT1M57S",
        "embedUrl": "https://www.imdb.com/video/imdb/vi3215851801",
        "name": "Office Space: Special Edition",
        "thumbnail": {
            "@type": "ImageObject",
            "contentUrl": "https://m.media-amazon.com/images/M/MV5BMTk5Njk2ODktYzk1NS00ZGVmLWEyZGUtYzUwYjRmYWI4MmM4XkEyXkFqcGdeQXVyNzU1NzE3NTg@._V1_.jpg"
        },
        "thumbnailUrl": "https://m.media-amazon.com/images/M/MV5BMTk5Njk2ODktYzk1NS00ZGVmLWEyZGUtYzUwYjRmYWI4MmM4XkEyXkFqcGdeQXVyNzU1NzE3NTg@._V1_.jpg",
        "uploadDate": "2008-04-11T14:31:51Z",
        "url": "https://www.imdb.com/video/vi3215851801/"
    },
    "url": "/title/tt0151804/"
}