{
    "@context": "https://schema.org",
    "@type": "Movie",
    "actor": [
        {
            "@type": "Person",
            "name": "Ozzy Osbourne",
            "url": "/name/nm0005285/"
        },
        {
            "@type": "Person",
            "name": "Zakk Wylde",
            "url": "/name/nm0943711/"
        },
        {
            "@type": "Person",
            "name": "Robert Trujillo",
            "url": "/name/nm0874235/"
        }
    ],
    "aggregateRating": {
        "@type": "AggregateRating",
        "bestRating": 10,
        "ratingCount": 332,
        "ratingValue": 7.7,
        "worstRating": 1
    },
    "creator": [
        {
            "@type": "Organization",
            "url": "/company/co0094851/"
        },
        {
            "@type": "Person",
            "name": "David Thies",
            "url": "/name/nm1400438/"
        }
    ],
    "datePublished": "2002-06-25",
    "description": "Ozzy Osborne liven in concert!",
    "director": [
        {
            "@type": "Person",
            "name": "Jeb Brien",
            "url": "/name/nm0108879/"
        }
    ],
    "duration": "PT1H24M",
    "genre": [
        "Documentary",
        "Music"
    ],
    "image": "https://m.media-amazon.com/images/M/MV5BMTkzMzU1MTQxNl5BMl5BanBnXkFtZTcwNDI3NzkxMQ@@._V1_.jpg",
    "keywords": "heavy metal,live performance,concert film",
    "name": "Ozzy Osbourne: Live at Budokan",
    "original_info": {
        "id": "Ozzy Osbourne: Live & Loud_1992",
        "name": "Ozzy Osbourne: Live & Loud",
        "year": "1992"
    },
    "review": {
        "@type": "Review",
        "author": {
            "@type": "Person",
            "name": "twalchusky"
        },
        "dateCreated": "2002-09-15",
        "inLanguage": "English",
        "itemReviewed": {
            "@type": "CreativeWork",
            "url": "/title/tt0328228/"
        },
        "name": "ozzy at his best",
        "reviewBody": "This definitley Ozzy at his best but for die hards like me, there were some great songs missing such as War Pigs, Black Sabbath, Shot in the dark. I would also like to hear songs that i have never heard live such as songs like Rock N Roll Rebel, You Can't kill Rock N Roll, The Ultimate Sin. Maybe someday.",
        "reviewRating": {
            "@type": "Rating",
            "bestRating": 10,
            "ratingValue": 9,
            "worstRating": 1
        }
    },
    "url": "/title/tt0328228/"
}