{
    "@context": "https://schema.org",
    "@type": "Movie",
    "actor": [
        {
            "@type": "Person",
            "name": "Michael Alig",
            "url": "/name/nm0019602/"
        },
        {
            "@type": "Person",
            "name": "Gitsie",
            "url": "/name/nm1304989/"
        },
        {
            "@type": "Person",
            "name": "James St. James",
            "url": "/name/nm1306654/"
        }
    ],
    "aggregateRating": {
        "@type": "AggregateRating",
        "bestRating": 10,
        "ratingCount": 1740,
        "ratingValue": 7.2,
        "worstRating": 1
    },
    "creator": [
        {
            "@type": "Organization",
            "url": "/company/co0088431/"
        }
    ],
    "datePublished": "1999-02-12",
    "description": "Documentary film exploring the rise of Club Kid legend Michael Alig and his fall in 1996 when he murdered his drug dealer/roommate Angel Melendez.",
    "director": [
        {
            "@type": "Person",
            "name": "Fenton Bailey",
            "url": "/name/nm0047259/"
        },
        {
            "@type": "Person",
            "name": "Randy Barbato",
            "url": "/name/nm0053190/"
        }
    ],
    "duration": "PT57M",
    "genre": [
        "Documentary",
        "Biography"
    ],
    "image": "https://m.media-amazon.com/images/M/MV5BMTUzOTAzMjMzMF5BMl5BanBnXkFtZTcwNDg5ODcyMQ@@._V1_.jpg",
    "keywords": "delusion,snorting heroin,shockumentary,wings,subway",
    "name": "Party Monster",
    "review": {
        "@type": "Review",
        "author": {
            "@type": "Person",
            "name": "MikeK-7"
        },
        "dateCreated": "1999-05-24",
        "inLanguage": "English",
        "itemReviewed": {
            "@type": "CreativeWork",
            "url": "/title/tt0141716/"
        },
        "name": "Bizarre....",
        "reviewBody": "Fascinating look at gothic humans in this Marilyn Manson type documentary. The biographical story is about a young man who was arrested for the grisly murder of another 'club kid'. I hope this comes out on video because so many don't have the pleasure of having cable network CINEMAX like I do.",
        "reviewRating": {
            "@type": "Rating",
            "bestRating": 10,
            "ratingValue": 10,
            "worstRating": 1
        }
    },
    "url": "/title/tt0141716/"
}