{
    "@context": "https://schema.org",
    "@type": "Movie",
    "actor": [
        {
            "@type": "Person",
            "name": "Robin Williams",
            "url": "/name/nm0000245/"
        },
        {
            "@type": "Person",
            "name": "Daniel London",
            "url": "/name/nm0518687/"
        },
        {
            "@type": "Person",
            "name": "Monica Potter",
            "url": "/name/nm0005321/"
        }
    ],
    "aggregateRating": {
        "@type": "AggregateRating",
        "bestRating": 10,
        "ratingCount": 117048,
        "ratingValue": 6.8,
        "worstRating": 1
    },
    "contentRating": "PG-13",
    "creator": [
        {
            "@type": "Organization",
            "url": "/company/co0005073/"
        },
        {
            "@type": "Organization",
            "url": "/company/co0174792/"
        },
        {
            "@type": "Organization",
            "url": "/company/co0019996/"
        },
        {
            "@type": "Person",
            "name": "Patch Adams",
            "url": "/name/nm0011254/"
        },
        {
            "@type": "Person",
            "name": "Maureen Mylander",
            "url": "/name/nm0616962/"
        },
        {
            "@type": "Person",
            "name": "Steve Oedekerk",
            "url": "/name/nm0644203/"
        }
    ],
    "datePublished": "1998-12-25",
    "description": "The true story of a heroic man, Hunter \"Patch\" Adams, determined to become a medical doctor because he enjoys helping people. He ventured where no doctor had ventured before, using humour and pathos.",
    "director": [
        {
            "@type": "Person",
            "name": "Tom Shadyac",
            "url": "/name/nm0001723/"
        }
    ],
    "duration": "PT1H55M",
    "genre": [
        "Biography",
        "Comedy",
        "Drama"
    ],
    "image": "https://m.media-amazon.com/images/M/MV5BNzM4Y2FlNzYtZmY5Yy00NzU4LTk1ODItY2NjYWYzYzUyZGM3L2ltYWdlXkEyXkFqcGdeQXVyMTQxNzMzNDI@._V1_.jpg",
    "keywords": "based on real person,doctor,hospital,based on true story,character name as title",
    "name": "Patch Adams",
    "review": {
        "@type": "Review",
        "author": {
            "@type": "Person",
            "name": "Lindy-24"
        },
        "dateCreated": "1999-09-14",
        "inLanguage": "English",
        "itemReviewed": {
            "@type": "CreativeWork",
            "url": "/title/tt0129290/"
        },
        "name": "Very wonderful film!!",
        "reviewBody": "My husband and I loved this film. We laughed, cried and felt warm and fuzzy all over! Very well made film. Robin, as always did a great job with his part. His co-actor/actress were very good too. The movie made us a part of what was going on. I want a doctor just like Patch. To bad there aren't more doctors like that.",
        "reviewRating": {
            "@type": "Rating",
            "bestRating": 10,
            "ratingValue": 10,
            "worstRating": 1
        }
    },
    "url": "/title/tt0129290/"
}