{
    "@context": "https://schema.org",
    "@type": "Movie",
    "actor": [
        {
            "@type": "Person",
            "name": "Catherine Deneuve",
            "url": "/name/nm0000366/"
        },
        {
            "@type": "Person",
            "name": "Jean-Pierre Bacri",
            "url": "/name/nm0045870/"
        },
        {
            "@type": "Person",
            "name": "Emmanuelle Seigner",
            "url": "/name/nm0782561/"
        }
    ],
    "aggregateRating": {
        "@type": "AggregateRating",
        "bestRating": 10,
        "ratingCount": 2467,
        "ratingValue": 6.1,
        "worstRating": 1
    },
    "contentRating": "R",
    "creator": [
        {
            "@type": "Organization",
            "url": "/company/co0022244/"
        },
        {
            "@type": "Organization",
            "url": "/company/co0079764/"
        },
        {
            "@type": "Organization",
            "url": "/company/co0075023/"
        },
        {
            "@type": "Person",
            "name": "Jacques Fieschi",
            "url": "/name/nm0276466/"
        },
        {
            "@type": "Person",
            "name": "Nicole Garcia",
            "url": "/name/nm0305368/"
        }
    ],
    "datePublished": "1998-10-07",
    "description": "Realising a dishonest deal has been found out a diamond merchant commits suicide, leaving the gems in question for his wife. Knowing the business from the time before drink largely took over her life, she decides to sober up and s...",
    "director": [
        {
            "@type": "Person",
            "name": "Nicole Garcia",
            "url": "/name/nm0305368/"
        }
    ],
    "duration": "PT1H57M",
    "genre": [
        "Crime",
        "Drama"
    ],
    "image": "https://m.media-amazon.com/images/M/MV5BNTc3NGJmMjUtMWM4OC00MDJhLWEyYjgtOGVlYjU1NTI5MmIxXkEyXkFqcGdeQXVyODgzNDIwODA@._V1_.jpg",
    "keywords": "drunkenness,flashback,betrayal,personal recovery,generational conflict",
    "name": "Place Vendôme",
    "original_info": {
        "id": "Place Vendome_1998",
        "name": "Place Vendome",
        "year": "1998"
    },
    "review": {
        "@type": "Review",
        "author": {
            "@type": "Person",
            "name": "=G="
        },
        "dateCreated": "2002-06-28",
        "inLanguage": "English",
        "itemReviewed": {
            "@type": "CreativeWork",
            "url": "/title/tt0119901/"
        },
        "name": "Excellent drama for Europic enthusiasts",
        "reviewBody": "\"Place Vendome\" tells of the rise of a widow from an abyss of alcoholism to rescue her late husband's prestigious and bankrupt jewelry store on the renown Parisian mall Place Vendome. Her daunting task is to make her way though the shadowy word of diamond trade from whence she came some 18 years before while hawking several rare cut diamonds. With sinister undercurrents and a polished veneer, the film swirls around an emotionally void Deneuve, her encounters and long over due reconciliations. Those used to Hollywoodish hardball drama with exaggerated characters will likely find \"Place Vendome\" refreshing or underdone or both. Good stuff for Europic buffs in which Deneuve proves again she's more than just another pretty face.",
        "reviewRating": {
            "@type": "Rating",
            "bestRating": 10,
            "ratingValue": 7,
            "worstRating": 1
        }
    },
    "trailer": {
        "@type": "VideoObject",
        "description": "Home Video Trailer from Wellspring",
        "duration": "PT1M31S",
        "embedUrl": "https://www.imdb.com/video/imdb/vi1219428633",
        "name": "Place Vendome",
        "thumbnail": {
            "@type": "ImageObject",
            "contentUrl": "https://m.media-amazon.com/images/M/MV5BNzA4ZDBhNTQtNTljNS00ODg2LTg5ZDQtYjJiYWUxY2Q4NjhhXkEyXkFqcGdeQXVyNzU1NzE3NTg@._V1_.jpg"
        },
        "thumbnailUrl": "https://m.media-amazon.com/images/M/MV5BNzA4ZDBhNTQtNTljNS00ODg2LTg5ZDQtYjJiYWUxY2Q4NjhhXkEyXkFqcGdeQXVyNzU1NzE3NTg@._V1_.jpg",
        "uploadDate": "2008-04-11T14:35:36Z",
        "url": "https://www.imdb.com/video/vi1219428633/"
    },
    "url": "/title/tt0119901/"
}