{
    "@context": "https://schema.org",
    "@type": "Movie",
    "actor": [
        {
            "@type": "Person",
            "name": "Yôsuke Akimoto",
            "url": "/name/nm0015342/"
        },
        {
            "@type": "Person",
            "name": "Bryan Bounds",
            "url": "/name/nm0099660/"
        },
        {
            "@type": "Person",
            "name": "Angel Fisher",
            "url": "/name/nm0279372/"
        }
    ],
    "aggregateRating": {
        "@type": "AggregateRating",
        "bestRating": 10,
        "ratingCount": 548,
        "ratingValue": 5.6,
        "worstRating": 1
    },
    "alternateName": "Plastic Little",
    "contentRating": "Not Rated",
    "creator": [
        {
            "@type": "Organization",
            "url": "/company/co0031068/"
        },
        {
            "@type": "Organization",
            "url": "/company/co0013638/"
        },
        {
            "@type": "Person",
            "name": "Masayori Sekimoto",
            "url": "/name/nm0782866/"
        },
        {
            "@type": "Person",
            "name": "Satoshi Urushihara",
            "url": "/name/nm0882205/"
        }
    ],
    "datePublished": "1994-03-21",
    "description": "Tita Mu Koshigaya is a young woman who captains a ship, the Cha-Cha Maru, whose business is capturing exotic creatures in the 'sea of clouds' of the planet Ietta, and selling them to collectors and zoos. By chance, she saves Elyss...",
    "director": [
        {
            "@type": "Person",
            "name": "Kinji Yoshimoto",
            "url": "/name/nm0949011/"
        }
    ],
    "duration": "PT48M",
    "genre": [
        "Animation",
        "Comedy",
        "Sci-Fi"
    ],
    "image": "https://m.media-amazon.com/images/M/MV5BMTYzOTE1OTU5Ml5BMl5BanBnXkFtZTcwNTgzMjUyMQ@@._V1_.jpg",
    "keywords": "nudity,nude bathing,female nudity,underwater scene,female full frontal nudity",
    "name": "Purasuchikku ritoru",
    "original_info": {
        "id": "Plastic Little: The Adventures of Captain Tita_1994",
        "name": "Plastic Little: The Adventures of Captain Tita",
        "year": "1994"
    },
    "review": {
        "@type": "Review",
        "author": {
            "@type": "Person",
            "name": "p_krawzcyk"
        },
        "dateCreated": "2011-10-24",
        "inLanguage": "English",
        "itemReviewed": {
            "@type": "CreativeWork",
            "url": "/title/tt0110845/"
        },
        "name": "Plastic Little",
        "reviewBody": "The main character of Plastic Little is Tita Mu Koshigaya, a young woman who captains a ship, the Cha-Cha Maru, whose business is capturing exotic creatures in the 'sea of clouds' of the planet Ietta, apparently a gas giant of some kind, and selling them to collectors and zoos. By chance, she saves Elysse Aldo Mordish, a young woman of her own age, from a rogue faction of Ietta's own military forces, led by the armored commander Guizel, who already killed Elysse's scientist father. As the military conducts a vicious chase for Elysse, it becomes apparent that she holds the key to a secret that could determine the fate of the entire planet's independence.\n\nPlastic Little is one of the greatest anime ever made. The storyline is thick, the character designs are just incredible and the backgrounds super amazing. It is a cunning, funny and original animated motion pic all the way.",
        "reviewRating": {
            "@type": "Rating",
            "bestRating": 10,
            "ratingValue": 10,
            "worstRating": 1
        }
    },
    "trailer": {
        "@type": "VideoObject",
        "description": "Home Video Trailer from ADV Films",
        "duration": "PT2M44S",
        "embedUrl": "https://www.imdb.com/video/imdb/vi2224816409",
        "name": "Plastic Little: The Adventures of Captain Tita",
        "thumbnail": {
            "@type": "ImageObject",
            "contentUrl": "https://m.media-amazon.com/images/M/MV5BODkwY2Y1ZTktNDY3YS00ZWUzLTljYWUtM2IzYzk5OTk0YzYwXkEyXkFqcGdeQXVyNzU1NzE3NTg@._V1_.jpg"
        },
        "thumbnailUrl": "https://m.media-amazon.com/images/M/MV5BODkwY2Y1ZTktNDY3YS00ZWUzLTljYWUtM2IzYzk5OTk0YzYwXkEyXkFqcGdeQXVyNzU1NzE3NTg@._V1_.jpg",
        "uploadDate": "2008-04-11T15:25:01Z",
        "url": "https://www.imdb.com/video/vi2224816409/"
    },
    "url": "/title/tt0110845/"
}