{
    "@context": "https://schema.org",
    "@type": "Movie",
    "actor": [
        {
            "@type": "Person",
            "name": "Desiree Bartlett",
            "url": "/name/nm5543619/"
        }
    ],
    "contentRating": "Not Rated",
    "description": "This flowing, gentle yoga practice is designed to be used throughout your pregnancy to help you connect with your changing body, your baby, and your inner calm. You'll start with meditation and breathing techniques that reduce str...",
    "director": [
        {
            "@type": "Person",
            "name": "Rick Ojeda",
            "url": "/name/nm0645337/"
        }
    ],
    "duration": "PT58M",
    "image": "https://m.media-amazon.com/images/M/MV5BMTM4NTI0OTYxOV5BMl5BanBnXkFtZTgwNTcyNzA2MDE@._V1_.jpg",
    "name": "Prenatal Yoga with Desi Bartlett",
    "original_info": {
        "id": "Prenatal Yoga_2003",
        "name": "Prenatal Yoga",
        "year": "2003"
    },
    "url": "/title/tt2337128/"
}