{
    "@context": "https://schema.org",
    "@type": "TVSeries",
    "actor": [
        {
            "@type": "Person",
            "name": "Nicole Oliver",
            "url": "/name/nm0646955/"
        },
        {
            "@type": "Person",
            "name": "Kirby Morrow",
            "url": "/name/nm0607516/"
        },
        {
            "@type": "Person",
            "name": "Brian Drummond",
            "url": "/name/nm0238546/"
        }
    ],
    "aggregateRating": {
        "@type": "AggregateRating",
        "bestRating": 10,
        "ratingCount": 92,
        "ratingValue": 6.7,
        "worstRating": 1
    },
    "creator": [
        {
            "@type": "Organization",
            "url": "/company/co0158993/"
        },
        {
            "@type": "Organization",
            "url": "/company/co0507991/"
        },
        {
            "@type": "Organization",
            "url": "/company/co0248799/"
        }
    ],
    "datePublished": "2002-10-08",
    "description": "Several teenagers discover they have supernatural ability's, however a top secret government organization wants the power for themselves so they decide to fight back.",
    "genre": [
        "Animation",
        "Action",
        "Adventure"
    ],
    "image": "https://m.media-amazon.com/images/M/MV5BMTMxNjEwNzY5OF5BMl5BanBnXkFtZTcwNjYyMTEzMQ@@._V1_.jpg",
    "keywords": "supernatural power,monster,psychotronic series,attack,two word title",
    "name": "Project ARMS",
    "original_info": {
        "id": "Project Arms_2001",
        "name": "Project Arms",
        "year": "2001"
    },
    "review": {
        "@type": "Review",
        "author": {
            "@type": "Person",
            "name": "geeked-out-4-movies"
        },
        "dateCreated": "2022-06-13",
        "inLanguage": "English",
        "itemReviewed": {
            "@type": "CreativeWork",
            "url": "/title/tt0429416/"
        },
        "name": "Great series!",
        "reviewBody": "Project ARMS is a fun series that is based on a manga series and tells the story of several teenagers who has enhanced body parts and have to save the world, it was a fun series that I enjoyed with great voice acting and a interesting story.\n\n7/10 stars."
    },
    "trailer": {
        "@type": "VideoObject",
        "description": "Project Arms",
        "duration": "PT4M53S",
        "embedUrl": "https://www.imdb.com/video/imdb/vi1730723097",
        "name": "Project Arms",
        "thumbnail": {
            "@type": "ImageObject",
            "contentUrl": "https://m.media-amazon.com/images/M/MV5BOWVmNGM3YWYtNWE3MC00ZDU4LWE1ODUtMDE1N2RlYWY0NzE0XkEyXkFqcGdeQXRyYW5zY29kZS13b3JrZmxvdw@@._V1_.jpg"
        },
        "thumbnailUrl": "https://m.media-amazon.com/images/M/MV5BOWVmNGM3YWYtNWE3MC00ZDU4LWE1ODUtMDE1N2RlYWY0NzE0XkEyXkFqcGdeQXRyYW5zY29kZS13b3JrZmxvdw@@._V1_.jpg",
        "uploadDate": "2019-04-10T15:41:32.118Z",
        "url": "https://www.imdb.com/video/vi1730723097/"
    },
    "url": "/title/tt0429416/"
}