{
    "@context": "https://schema.org",
    "@type": "Movie",
    "actor": [
        {
            "@type": "Person",
            "name": "Dharmendra",
            "url": "/name/nm0004429/"
        },
        {
            "@type": "Person",
            "name": "Amitabh Bachchan",
            "url": "/name/nm0000821/"
        },
        {
            "@type": "Person",
            "name": "Zeenat Aman",
            "url": "/name/nm0023868/"
        }
    ],
    "aggregateRating": {
        "@type": "AggregateRating",
        "bestRating": 10,
        "ratingCount": 544,
        "ratingValue": 6.2,
        "worstRating": 1
    },
    "creator": [
        {
            "@type": "Organization",
            "url": "/company/co0100367/"
        },
        {
            "@type": "Person",
            "name": "Vijay Anand",
            "url": "/name/nm0025629/"
        },
        {
            "@type": "Person",
            "name": "Kamleshwar",
            "url": "/name/nm0436804/"
        }
    ],
    "datePublished": "1980-11-28",
    "description": "Ram and Balram are 2 young boys who live with their loving parents. Their scheming uncle, Jagatpal, however kills the boy's father and mother. Jagatpal lies to the boys that their parents have been killed in an accident and promis...",
    "director": [
        {
            "@type": "Person",
            "name": "Vijay Anand",
            "url": "/name/nm0025629/"
        }
    ],
    "duration": "PT2H49M",
    "genre": [
        "Action",
        "Comedy",
        "Drama"
    ],
    "image": "https://m.media-amazon.com/images/M/MV5BMTY0MTk0MTM3MV5BMl5BanBnXkFtZTcwOTIyNDE0MQ@@._V1_.jpg",
    "keywords": "forename in title,prostitute,brother brother relationship,inheritance,greed",
    "name": "Ram Balram",
    "original_info": {
        "id": "Ram Balram_1980",
        "name": "Ram Balram",
        "year": "1980"
    },
    "review": {
        "@type": "Review",
        "author": {
            "@type": "Person",
            "name": "gurdeepmann59"
        },
        "dateCreated": "2012-05-28",
        "inLanguage": "English",
        "itemReviewed": {
            "@type": "CreativeWork",
            "url": "/title/tt0081401/"
        },
        "name": "A blast of a combo",
        "reviewBody": "Amitabh Bachchan and Dharmendra team up together after SHOLAY(1975) and CHUPKE CHUPKE(1975)\n\nAmitabh Bachchan and Rekha are paired after MR NATWARLAL(1979) with Dharmendra and Zeenat Aman paired after SHALIMAR(1978) Ajit plays their mean uncle.\n\nThe film is mainly about Ajit's plan to use Dharmendra to kill the smugglers and Amitabh to save him But Amitabh has a plan of his own The climax is done-to-death\n\nThe film may not have reached the status of SHOLAY but is still very entertaining Above all the cast, Dharmendra-Amitabh are a perfect combo and have very good chemistry Zeenat Aman looks ugly with Dharam but is okay Rekha looks beautiful for Amitabh and both make a good pair Amjad Khan, Prem Chopra are typecast Ajit impresses with his evilness",
        "reviewRating": {
            "@type": "Rating",
            "bestRating": 10,
            "ratingValue": 10,
            "worstRating": 1
        }
    },
    "url": "/title/tt0081401/"
}