{
    "@context": "https://schema.org",
    "@type": "Movie",
    "actor": [
        {
            "@type": "Person",
            "name": "Jodi Carlisle",
            "url": "/name/nm0137627/"
        },
        {
            "@type": "Person",
            "name": "Lacey Chabert",
            "url": "/name/nm0000327/"
        },
        {
            "@type": "Person",
            "name": "Tim Curry",
            "url": "/name/nm0000347/"
        }
    ],
    "aggregateRating": {
        "@type": "AggregateRating",
        "bestRating": 10,
        "ratingCount": 8603,
        "ratingValue": 5.5,
        "worstRating": 1
    },
    "contentRating": "PG",
    "creator": [
        {
            "@type": "Organization",
            "url": "/company/co0013196/"
        },
        {
            "@type": "Organization",
            "url": "/company/co0004265/"
        },
        {
            "@type": "Organization",
            "url": "/company/co0109027/"
        },
        {
            "@type": "Person",
            "name": "Kate Boutilier",
            "url": "/name/nm0100326/"
        },
        {
            "@type": "Person",
            "name": "Monica Piper",
            "url": "/name/nm0684919/"
        },
        {
            "@type": "Person",
            "name": "David Regal",
            "url": "/name/nm0716366/"
        }
    ],
    "datePublished": "2003-06-13",
    "description": "The Rugrats get tangled in an exotic adventure, where they're helped by the Thornberrys, a family that travels the world making nature documentaries.",
    "director": [
        {
            "@type": "Person",
            "name": "John Eng",
            "url": "/name/nm0256983/"
        },
        {
            "@type": "Person",
            "name": "Norton Virgien",
            "url": "/name/nm0899329/"
        },
        {
            "@type": "Person",
            "name": "Priit Pärn",
            "url": "/name/nm0681264/"
        }
    ],
    "duration": "PT1H20M",
    "genre": [
        "Animation",
        "Adventure",
        "Comedy"
    ],
    "image": "https://m.media-amazon.com/images/M/MV5BOTYzMTAwNTI3MV5BMl5BanBnXkFtZTYwMzU3NTM3._V1_.jpg",
    "keywords": "rugrats,wild thornberrys,older actors younger roles,boy wears eyeglasses,child",
    "name": "Rugrats Go Wild",
    "original_info": {
        "id": "Rugrats Go Wild_2003",
        "name": "Rugrats Go Wild",
        "year": "2003"
    },
    "review": {
        "@type": "Review",
        "author": {
            "@type": "Person",
            "name": "Victor Field"
        },
        "dateCreated": "2003-09-20",
        "inLanguage": "English",
        "itemReviewed": {
            "@type": "CreativeWork",
            "url": "/title/tt0337711/"
        },
        "name": "To paraphrase Debbie Thornberry at one point, when I write about this film - and I will - I will not be kind.",
        "reviewBody": "The end credits for \"Rugrats Go Wild!\" include a section headed \"Klasky Csupo Accounting,\" which unfortunately figures; this third theatrical outing for the Rugrats and second one for the Wild Thornberrys plays more like a marketing exercise than an actual movie.\n\nWith this big-screen crossover of two TV shows, you'd think that they'd both get equal time, but due to their show having been more successful and having their full name in the title (it was originally called \"Rugrats Meet The Wild Thornberrys\" before someone decided that was too obvious), Tommy, Chucky and the rest get more time on screen than the far more appealing Eliza Thornberry and Co; it's not until near the end that they're on anything like equal footing, and by then the movie's been sabotaged by a plot that's too skimpy for words (the Pickles, Finster and DeVille families - plus Susie - get stranded on the same island that the Thornberrys have pitched up on for their latest jaunt, and cue much running around and shrieking), an ounce of actual amusement amongst a ton of shrill and strained gags, too many characters squeezed into too little time, and far too many songs, pop or otherwise (Chrissie Hynde. Why?).\n\nHaving Bruce Willis do the voice of Spike doesn't help much, and neither does including some of the most heavy-handed movie references this side of a Leslie Nielsen comedy. In fact, the movie officially becomes a waste of time when their boat capsizes and it turns into a mini-homage to \"The Poseidon Adventure,\" capped by Angelica singing \"The Morning After\" in her toy karaoke machine. (If only she had been the character played by Stella Stevens.) \n\nBut even that's more forgiveable than having Stu say \"I can't help feeling partially responsible.\" Stealing lines from \"The Simpsons\" is the final insult... Eliza's older sister and Betty DeVille are the only ones to emerge intact. Note to Paramount: ENOUGH ALREADY!"
    },
    "trailer": {
        "@type": "VideoObject",
        "description": "Trailer 3",
        "duration": "PT2M33S",
        "embedUrl": "https://www.imdb.com/video/imdb/vi2600010009",
        "name": "Rugrats Go Wild",
        "thumbnail": {
            "@type": "ImageObject",
            "contentUrl": "https://m.media-amazon.com/images/M/MV5BYTYwMjczYWEtODU2OS00ZGFjLTgwYTAtNzdkM2MzMmFjOWEwXkEyXkFqcGdeQXVyNzU1NzE3NTg@._V1_.jpg"
        },
        "thumbnailUrl": "https://m.media-amazon.com/images/M/MV5BYTYwMjczYWEtODU2OS00ZGFjLTgwYTAtNzdkM2MzMmFjOWEwXkEyXkFqcGdeQXVyNzU1NzE3NTg@._V1_.jpg",
        "uploadDate": "2008-04-11T17:08:33Z",
        "url": "https://www.imdb.com/video/vi2600010009/"
    },
    "url": "/title/tt0337711/"
}