{
    "@context": "https://schema.org",
    "@type": "TVEpisode",
    "actor": [
        {
            "@type": "Person",
            "name": "Gene Shalit",
            "url": "/name/nm0787754/"
        }
    ],
    "datePublished": "1980-02-19",
    "description": "Rumpole defends Mrs. Thripp in a divorce action. Mrs. Rumpole believes Rumploe has also taken a mistress.",
    "genre": [
        "Crime",
        "Drama",
        "Mystery"
    ],
    "image": "https://m.media-amazon.com/images/M/MV5BMzBhZDhjNzEtOTdmOS00NTM5LWI2MmItNmNmNmU0YTg5NTY0XkEyXkFqcGdeQXVyODg3NDc1OTE@._V1_.jpg",
    "name": "Rumpole of the Bailey, Series I: Rumpole and the Married Lady",
    "original_info": {
        "id": "Rumpole of the Bailey: Series 3_1983",
        "name": "Rumpole of the Bailey: Series 3",
        "year": "1983"
    },
    "url": "/title/tt2025046/"
}