{
    "@context": "https://schema.org",
    "@type": "Movie",
    "actor": [
        {
            "@type": "Person",
            "name": "Chisa Yokoyama",
            "url": "/name/nm0948417/"
        },
        {
            "@type": "Person",
            "name": "Michie Tomizawa",
            "url": "/name/nm0593911/"
        },
        {
            "@type": "Person",
            "name": "Urara Takano",
            "url": "/name/nm0847347/"
        }
    ],
    "aggregateRating": {
        "@type": "AggregateRating",
        "bestRating": 10,
        "ratingCount": 309,
        "ratingValue": 5.4,
        "worstRating": 1
    },
    "alternateName": "Sakura Wars: The Movie",
    "contentRating": "PG-13",
    "creator": [
        {
            "@type": "Organization",
            "url": "/company/co0074495/"
        },
        {
            "@type": "Organization",
            "url": "/company/co0080697/"
        },
        {
            "@type": "Organization",
            "url": "/company/co0230160/"
        },
        {
            "@type": "Person",
            "name": "Ohji Hiroi",
            "url": "/name/nm1085616/"
        },
        {
            "@type": "Person",
            "name": "Wendee Lee",
            "url": "/name/nm0283253/"
        },
        {
            "@type": "Person",
            "name": "Mitsuru Hongô",
            "url": "/name/nm0594084/"
        }
    ],
    "datePublished": "2001-12-22",
    "description": "Join Sakura's troupe of musical mechsuit divas for a supernatural showdown. As a fresh face joins the team, others begin to vanish. When demons terrorize Tokyo, the metal maidens must pull their act together and drop the curtain o...",
    "director": [
        {
            "@type": "Person",
            "name": "Mitsuru Hongô",
            "url": "/name/nm0594084/"
        }
    ],
    "duration": "PT1H20M",
    "genre": [
        "Animation",
        "Action",
        "Adventure"
    ],
    "image": "https://m.media-amazon.com/images/M/MV5BMmUxMWU0MzUtOWViNy00ODkwLWIwODItOTE4ZjFlYjcxNGMyXkEyXkFqcGdeQXVyMTY5Nzc4MDY@._V1_.jpg",
    "keywords": "alternate history,year 1926,imperial japan,mature animation,for grown ups animation",
    "name": "Sakura taisen: Katsudou shashin",
    "original_info": {
        "id": "Sakura Wars: The Movie_2001",
        "name": "Sakura Wars: The Movie",
        "year": "2001"
    },
    "review": {
        "@type": "Review",
        "author": {
            "@type": "Person",
            "name": "Zapdos"
        },
        "dateCreated": "2004-04-29",
        "inLanguage": "English",
        "itemReviewed": {
            "@type": "CreativeWork",
            "url": "/title/tt0237687/"
        },
        "name": "Quite a mix",
        "reviewBody": "Imagine a Buffy: the vampire Slayer type scenerio with Wild Wild West technology set in Industrial Japan with the characters from 'Allo 'Allo and you get Sakura wars!\n\nFans of Tenchi, Nadesico and Evangelion will enjoy this anime as it has the familiar stylings of all three. In my opinion Sakura looks like Yurika from Nadesico and the voice of one of the minor characters is the same seiyuu as the voice for Ryoko from Tenchi!\n\nThe ending of the original OAV is rushed after a slow start however in my opinion must anime conclusions are!\n\n7 out of 10!!!",
        "reviewRating": {
            "@type": "Rating",
            "bestRating": 10,
            "ratingValue": 7,
            "worstRating": 1
        }
    },
    "trailer": {
        "@type": "VideoObject",
        "description": "Home Video Trailer from ADV Films",
        "duration": "PT1M39S",
        "embedUrl": "https://www.imdb.com/video/imdb/vi2642739481",
        "name": "Sakura Wars",
        "thumbnail": {
            "@type": "ImageObject",
            "contentUrl": "https://m.media-amazon.com/images/M/MV5BNDU4NWYwZDEtOTM3OC00ZWI0LWE0NjItNzlmOWE4MzMyMWU2XkEyXkFqcGdeQXVyNzU1NzE3NTg@._V1_.jpg"
        },
        "thumbnailUrl": "https://m.media-amazon.com/images/M/MV5BNDU4NWYwZDEtOTM3OC00ZWI0LWE0NjItNzlmOWE4MzMyMWU2XkEyXkFqcGdeQXVyNzU1NzE3NTg@._V1_.jpg",
        "uploadDate": "2008-04-11T15:57:45Z",
        "url": "https://www.imdb.com/video/vi2642739481/"
    },
    "url": "/title/tt0237687/"
}