{
    "@context": "https://schema.org",
    "@type": "TVEpisode",
    "actor": [
        {
            "@type": "Person",
            "name": "John Enter",
            "url": "/name/nm6488105/"
        }
    ],
    "contentRating": "TV-MA",
    "datePublished": "2021-01-22",
    "genre": [
        "Comedy"
    ],
    "image": "https://m.media-amazon.com/images/M/MV5BNGQ4NTJhNTktYTNjYS00NDhjLTg5ZGYtNzAxNzkwODAzYWVkXkEyXkFqcGdeQXVyMTMwNjkxNjE@._V1_.jpg",
    "name": "Samurai Jack Season 5",
    "original_info": {
        "id": "Samurai Jack: Season 1_2001",
        "name": "Samurai Jack: Season 1",
        "year": "2001"
    },
    "url": "/title/tt14537768/"
}