{
    "@context": "https://schema.org",
    "@type": "TVSeries",
    "actor": [
        {
            "@type": "Person",
            "name": "Kazuya Nakai",
            "url": "/name/nm0620017/"
        },
        {
            "@type": "Person",
            "name": "Ginpei Sato",
            "url": "/name/nm1717227/"
        },
        {
            "@type": "Person",
            "name": "Ayako Kawasumi",
            "url": "/name/nm0442933/"
        }
    ],
    "aggregateRating": {
        "@type": "AggregateRating",
        "bestRating": 10,
        "ratingCount": 50851,
        "ratingValue": 8.6,
        "worstRating": 1
    },
    "alternateName": "Samurai Champloo",
    "contentRating": "TV-MA",
    "creator": [
        {
            "@type": "Organization",
            "url": "/company/co0356617/"
        },
        {
            "@type": "Organization",
            "url": "/company/co0229763/"
        },
        {
            "@type": "Organization",
            "url": "/company/co0055529/"
        }
    ],
    "datePublished": "2005-01-11",
    "description": "Fuu, a waitress who works in a teahouse, rescues two master swordsmen, Mugen and Jin, from their execution to help her find the \"samurai who smells of sunflowers.\"",
    "genre": [
        "Animation",
        "Action",
        "Adventure"
    ],
    "image": "https://m.media-amazon.com/images/M/MV5BMzg1NmFlMzctYmVkNC00Y2M4LTgyOGQtNjkyYWFkZDQ4MGJjXkEyXkFqcGdeQXVyNjAwNDUxODI@._V1_.jpg",
    "keywords": "1600s,samurai,chivalry,character's point of view camera shot,anachronism",
    "name": "Samurai chanpurû",
    "review": {
        "@type": "Review",
        "author": {
            "@type": "Person",
            "name": "HellsingSamurai"
        },
        "dateCreated": "2005-01-27",
        "inLanguage": "English",
        "itemReviewed": {
            "@type": "CreativeWork",
            "url": "/title/tt0423731/"
        },
        "name": "Clever,Refreshing,Hip,Funny,Thrilling, Awesome Entertainment..",
        "reviewBody": "Samurai Champloo is directed by Shinichiro Watanabe and its sensational! This story is about kick ass warriors Mugen and Jin and a funny female Fuu on a journey to the find the samurai \"who smells of sunflowers\" the catch is Mugen and Jin don't really like each other very much but made a deal with Fuu that they would not fight each other till they find the samurai \"who smells of sunflowers\" This is what sets up the show to be very entertaining the show is often hilarious and than thrilling with kick ass sword fights etc. I'm not a huge hip-hop fan but damn it works its outstanding for this show the music is awesome...\n\nOverall this is a must own DVD go buy it right now it is worth every cent I can't wait to get this whole set! 10/10"
    },
    "trailer": {
        "@type": "VideoObject",
        "description": "Trailer for Samurai Champloo: The Complete Series",
        "duration": "PT1M44S",
        "embedUrl": "https://www.imdb.com/video/imdb/vi2624952857",
        "name": "Samurai Champloo: The Complete Series",
        "thumbnail": {
            "@type": "ImageObject",
            "contentUrl": "https://m.media-amazon.com/images/M/MV5BNDU2Mjk2OGYtYjRjYy00ZjcxLWIyNzYtMTVkNTQ1ZTE5NmMxXkEyXkFqcGdeQXVyNzU1NzE3NTg@._V1_.jpg"
        },
        "thumbnailUrl": "https://m.media-amazon.com/images/M/MV5BNDU2Mjk2OGYtYjRjYy00ZjcxLWIyNzYtMTVkNTQ1ZTE5NmMxXkEyXkFqcGdeQXVyNzU1NzE3NTg@._V1_.jpg",
        "uploadDate": "2011-02-10T06:36:19Z",
        "url": "https://www.imdb.com/video/vi2624952857/"
    },
    "url": "/title/tt0423731/"
}