{
    "@context": "https://schema.org",
    "@type": "Movie",
    "actor": [
        {
            "@type": "Person",
            "name": "Burt Reynolds",
            "url": "/name/nm0000608/"
        },
        {
            "@type": "Person",
            "name": "Julie Christie",
            "url": "/name/nm0001046/"
        },
        {
            "@type": "Person",
            "name": "Carmen Chaplin",
            "url": "/name/nm0152231/"
        }
    ],
    "aggregateRating": {
        "@type": "AggregateRating",
        "bestRating": 10,
        "ratingCount": 412,
        "ratingValue": 6.1,
        "worstRating": 1
    },
    "contentRating": "R",
    "creator": [
        {
            "@type": "Organization",
            "url": "/company/co0070557/"
        },
        {
            "@type": "Organization",
            "url": "/company/co0100648/"
        },
        {
            "@type": "Organization",
            "url": "/company/co0088656/"
        },
        {
            "@type": "Person",
            "name": "Michael O'Loughlin",
            "url": "/name/nm0641673/"
        },
        {
            "@type": "Person",
            "name": "Rudolf van den Berg",
            "url": "/name/nm0073888/"
        }
    ],
    "datePublished": "2002-08-29",
    "description": "An aging hippy and a beautiful young woman meet in Amsterdam and find love.",
    "director": [
        {
            "@type": "Person",
            "name": "Rudolf van den Berg",
            "url": "/name/nm0073888/"
        }
    ],
    "duration": "PT1H33M",
    "genre": [
        "Romance"
    ],
    "image": "https://m.media-amazon.com/images/M/MV5BNTZiMTAwMzEtYjM3ZC00ZjU5LTkyYjAtZDM5YWU5Zjg3ZmE3XkEyXkFqcGdeQXVyNTM3MDMyMDQ@._V1_.jpg",
    "keywords": "secondhand bookstore,client prostitute relationship,house boat,mother daughter relationship,ex husband ex wife relationship",
    "name": "Snapshots",
    "original_info": {
        "id": "Snapshots_2002",
        "name": "Snapshots",
        "year": "2002"
    },
    "review": {
        "@type": "Review",
        "author": {
            "@type": "Person",
            "name": "robynheavner"
        },
        "dateCreated": "2020-04-11",
        "inLanguage": "English",
        "itemReviewed": {
            "@type": "CreativeWork",
            "url": "/title/tt0272125/"
        },
        "name": "Charming!",
        "reviewBody": "A lost little gem, that I'm glad I found! Burt Reynolds and Julie Christie in a movie together, who knew? Romantic story! Set in Amsterdam! Charming, I recommend this one! I was smiling in the end! Bravo!",
        "reviewRating": {
            "@type": "Rating",
            "bestRating": 10,
            "ratingValue": 8,
            "worstRating": 1
        }
    },
    "trailer": {
        "@type": "VideoObject",
        "description": "Home Video Trailer from First Look",
        "duration": "PT1M52S",
        "embedUrl": "https://www.imdb.com/video/imdb/vi662962457",
        "name": "Snapshots",
        "thumbnail": {
            "@type": "ImageObject",
            "contentUrl": "https://m.media-amazon.com/images/M/MV5BZmEzNWRjMGItZTA0Ny00NjVmLWJiZTMtM2RlMzdkZWRiZTIwXkEyXkFqcGdeQXVyNzU1NzE3NTg@._V1_.jpg"
        },
        "thumbnailUrl": "https://m.media-amazon.com/images/M/MV5BZmEzNWRjMGItZTA0Ny00NjVmLWJiZTMtM2RlMzdkZWRiZTIwXkEyXkFqcGdeQXVyNzU1NzE3NTg@._V1_.jpg",
        "uploadDate": "2008-04-11T15:53:47Z",
        "url": "https://www.imdb.com/video/vi662962457/"
    },
    "url": "/title/tt0272125/"
}