{
    "@context": "https://schema.org",
    "@type": "Movie",
    "actor": [
        {
            "@type": "Person",
            "name": "Billy Bob Thornton",
            "url": "/name/nm0000671/"
        },
        {
            "@type": "Person",
            "name": "Molly Ringwald",
            "url": "/name/nm0000208/"
        },
        {
            "@type": "Person",
            "name": "J.T. Walsh",
            "url": "/name/nm0000687/"
        }
    ],
    "aggregateRating": {
        "@type": "AggregateRating",
        "bestRating": 10,
        "ratingCount": 1745,
        "ratingValue": 7.5,
        "worstRating": 1
    },
    "contentRating": "Not Rated",
    "creator": [
        {
            "@type": "Person",
            "name": "Billy Bob Thornton",
            "url": "/name/nm0000671/"
        }
    ],
    "datePublished": "1999-11-23",
    "description": "Twenty-five years after commiting a double murder, Karl Childers is going to be released from an institution for the criminally insane. A local reporter comes to talk to him, and after some fussing about her gender, the institutio...",
    "director": [
        {
            "@type": "Person",
            "name": "George Hickenlooper",
            "url": "/name/nm0382584/"
        }
    ],
    "duration": "PT25M",
    "genre": [
        "Short",
        "Drama",
        "Thriller"
    ],
    "image": "https://m.media-amazon.com/images/M/MV5BMTMxNzU2MDY5N15BMl5BanBnXkFtZTcwODU1MTUxMQ@@._V1_.jpg",
    "keywords": "precursor to motion picture,independent film,title spoken by character,cult film,sexist",
    "name": "Some Folks Call It a Sling Blade",
    "original_info": {
        "id": "Some Folks Call it a Sling Blade_1993",
        "name": "Some Folks Call it a Sling Blade",
        "year": "1993"
    },
    "review": {
        "@type": "Review",
        "author": {
            "@type": "Person",
            "name": "hawktwo"
        },
        "dateCreated": "2002-01-24",
        "inLanguage": "English",
        "itemReviewed": {
            "@type": "CreativeWork",
            "url": "/title/tt0108181/"
        },
        "name": "Rehearsal for the real movie",
        "reviewBody": "I saw this movie when I rented a DVD that came with a lot of brief \"movies\" such as this. I wonder if it was done to show the head of a studio what a great feature length movie this would make. I enjoyed the short story format and was impressed with Molly Ringwold's acting."
    },
    "url": "/title/tt0108181/"
}