{
    "@context": "https://schema.org",
    "@type": "Movie",
    "actor": [
        {
            "@type": "Person",
            "name": "Michael McManus",
            "url": "/name/nm0573158/"
        },
        {
            "@type": "Person",
            "name": "Arsinée Khanjian",
            "url": "/name/nm0451376/"
        },
        {
            "@type": "Person",
            "name": "Gabrielle Rose",
            "url": "/name/nm0741388/"
        }
    ],
    "aggregateRating": {
        "@type": "AggregateRating",
        "bestRating": 10,
        "ratingCount": 1476,
        "ratingValue": 6.6,
        "worstRating": 1
    },
    "contentRating": "Not Rated",
    "creator": [
        {
            "@type": "Organization",
            "url": "/company/co0033247/"
        },
        {
            "@type": "Organization",
            "url": "/company/co0093742/"
        },
        {
            "@type": "Person",
            "name": "Atom Egoyan",
            "url": "/name/nm0000382/"
        }
    ],
    "datePublished": "1990-07-27",
    "description": "A lonely woman stalks a co-worker by obsessively watching videos he appears in. He is an actor trying to get a part in a new TV movie, written by his lover. She has written about her brother's death, but is losing control of the p...",
    "director": [
        {
            "@type": "Person",
            "name": "Atom Egoyan",
            "url": "/name/nm0000382/"
        }
    ],
    "duration": "PT1H33M",
    "genre": [
        "Drama",
        "Romance"
    ],
    "image": "https://m.media-amazon.com/images/M/MV5BMTIzNTU1ODk2Ml5BMl5BanBnXkFtZTcwNTg0NTUxMQ@@._V1_.jpg",
    "keywords": "video,audition,monobrow,screenwriter,actor",
    "name": "Speaking Parts",
    "review": {
        "@type": "Review",
        "author": {
            "@type": "Person",
            "name": "ram-11"
        },
        "dateCreated": "1998-10-24",
        "inLanguage": "English",
        "itemReviewed": {
            "@type": "CreativeWork",
            "url": "/title/tt0098368/"
        },
        "name": "Simply Great",
        "reviewBody": "As my first approach to Egoyan's films, I must say it was a great experience. The movie is about lonely people searching for something or someone, about the influence of media, about life. Its ambientation works excellent. Not an easy movie to see, though; but it's really an experience.",
        "reviewRating": {
            "@type": "Rating",
            "bestRating": 10,
            "ratingValue": 10,
            "worstRating": 1
        }
    },
    "url": "/title/tt0098368/"
}