{
    "@context": "https://schema.org",
    "@type": "TVEpisode",
    "actor": [
        {
            "@type": "Person",
            "name": "Jack Vogt",
            "url": "/name/nm5803889/"
        }
    ],
    "creator": [
        {
            "@type": "Person",
            "name": "Jack Vogt",
            "url": "/name/nm5803889/"
        }
    ],
    "datePublished": "2017-04-11",
    "description": "Before \"Spider-Man: Homecoming\" hits theaters, The Obsessed Movie Man (OMM) takes a look back at the first Spider-Man film. Does it hold up, or is it too corny?",
    "director": [
        {
            "@type": "Person",
            "name": "Jack Vogt",
            "url": "/name/nm5803889/"
        }
    ],
    "genre": [
        "Comedy",
        "Talk-Show"
    ],
    "image": "https://m.media-amazon.com/images/M/MV5BYWMzNDEyMTMtYjNmOS00NTBjLWExYjAtY2E1NTk2MTI1MWQ5XkEyXkFqcGdeQXVyNDQ2ODkyNjk@._V1_.jpg",
    "name": "Spider-Man (2002)",
    "original_info": {
        "id": "Spider-Man: Bonus Material_2002",
        "name": "Spider-Man: Bonus Material",
        "year": "2002"
    },
    "url": "/title/tt10969784/"
}