{
    "@context": "https://schema.org",
    "@type": "Movie",
    "actor": [
        {
            "@type": "Person",
            "name": "Elliott Tittensor",
            "url": "/name/nm1541685/"
        },
        {
            "@type": "Person",
            "name": "Nico Mirallegro",
            "url": "/name/nm2813963/"
        },
        {
            "@type": "Person",
            "name": "Adam Long",
            "url": "/name/nm3072420/"
        }
    ],
    "aggregateRating": {
        "@type": "AggregateRating",
        "bestRating": 10,
        "ratingCount": 4038,
        "ratingValue": 6.3,
        "worstRating": 1
    },
    "contentRating": "Not Rated",
    "creator": [
        {
            "@type": "Organization",
            "url": "/company/co0103694/"
        },
        {
            "@type": "Organization",
            "url": "/company/co0196210/"
        },
        {
            "@type": "Organization",
            "url": "/company/co0037450/"
        },
        {
            "@type": "Person",
            "name": "Chris Coghill",
            "url": "/name/nm1104892/"
        }
    ],
    "datePublished": "2015-05-08",
    "description": "Five teenage friends will stop at nothing to attend a concert by their favourite band, The Stone Roses.",
    "director": [
        {
            "@type": "Person",
            "name": "Mat Whitecross",
            "url": "/name/nm1475971/"
        }
    ],
    "duration": "PT1H45M",
    "genre": [
        "Comedy",
        "Drama",
        "Music"
    ],
    "image": "https://m.media-amazon.com/images/M/MV5BMTk2NjA2MDI4OF5BMl5BanBnXkFtZTgwNTkxNzQwNTE@._V1_.jpg",
    "keywords": "bare chested male,band,stone roses,overalls,end credits roll call",
    "name": "Spike Island",
    "original_info": {
        "id": "Spike & Mike's Classic Festival of Animation_2001",
        "name": "Spike & Mike's Classic Festival of Animation",
        "year": "2001"
    },
    "review": {
        "@type": "Review",
        "author": {
            "@type": "Person",
            "name": "Sh1sh"
        },
        "dateCreated": "2020-06-01",
        "inLanguage": "English",
        "itemReviewed": {
            "@type": "CreativeWork",
            "url": "/title/tt1827579/"
        },
        "name": "Feel good film",
        "reviewBody": "A film about being young, carefree and the most important thing in your life being your favourite band. A great summer film with an amazing sound track (unless you don't like the Stone Roses)."
    },
    "trailer": {
        "@type": "VideoObject",
        "description": "A rising indie band travels to Spike Island, Cheshire, in May of 1990 to see The Stone Roses. ",
        "duration": "PT2M4S",
        "embedUrl": "https://www.imdb.com/video/imdb/vi1230087705",
        "name": "International Trailer",
        "thumbnail": {
            "@type": "ImageObject",
            "contentUrl": "https://m.media-amazon.com/images/M/MV5BMTczNjU0ODg3MF5BMl5BanBnXkFtZTgwODYwMzQzMzE@._V1_.jpg"
        },
        "thumbnailUrl": "https://m.media-amazon.com/images/M/MV5BMTczNjU0ODg3MF5BMl5BanBnXkFtZTgwODYwMzQzMzE@._V1_.jpg",
        "uploadDate": "2013-06-06T07:29:31Z",
        "url": "https://www.imdb.com/video/vi1230087705/"
    },
    "url": "/title/tt1827579/"
}