{
    "@context": "https://schema.org",
    "@type": "Movie",
    "actor": [
        {
            "@type": "Person",
            "name": "Lori Alan",
            "url": "/name/nm0015935/"
        },
        {
            "@type": "Person",
            "name": "Carlos Alazraqui",
            "url": "/name/nm0016141/"
        },
        {
            "@type": "Person",
            "name": "Ernest Borgnine",
            "url": "/name/nm0000308/"
        }
    ],
    "duration": "PT1H50M",
    "genre": [
        "Animation",
        "Comedy",
        "Family"
    ],
    "name": "Spongebob Squarepants: Tide and Seek",
    "original_info": {
        "id": "SpongeBob SquarePants: Tide and Seek_1999",
        "name": "SpongeBob SquarePants: Tide and Seek",
        "year": "1999"
    },
    "url": "/title/tt4056224/"
}