{
    "@context": "https://schema.org",
    "@type": "Movie",
    "actor": [
        {
            "@type": "Person",
            "name": "Molly Shannon",
            "url": "/name/nm0788340/"
        },
        {
            "@type": "Person",
            "name": "Will Ferrell",
            "url": "/name/nm0002071/"
        },
        {
            "@type": "Person",
            "name": "Elaine Hendrix",
            "url": "/name/nm0005006/"
        }
    ],
    "aggregateRating": {
        "@type": "AggregateRating",
        "bestRating": 10,
        "ratingCount": 19739,
        "ratingValue": 5.2,
        "worstRating": 1
    },
    "contentRating": "PG-13",
    "creator": [
        {
            "@type": "Organization",
            "url": "/company/co0113592/"
        },
        {
            "@type": "Organization",
            "url": "/company/co0098530/"
        },
        {
            "@type": "Person",
            "name": "Molly Shannon",
            "url": "/name/nm0788340/"
        },
        {
            "@type": "Person",
            "name": "Steve Koren",
            "url": "/name/nm0466175/"
        }
    ],
    "datePublished": "1999-10-08",
    "description": "A nerdy Catholic schoolgirl, Mary Katherine Gallagher, dreams of superstardom.",
    "director": [
        {
            "@type": "Person",
            "name": "Bruce McCulloch",
            "url": "/name/nm0567126/"
        }
    ],
    "duration": "PT1H21M",
    "genre": [
        "Comedy",
        "Romance"
    ],
    "image": "https://m.media-amazon.com/images/M/MV5BN2Q2YjFlMzYtYjVlMC00MmZmLTg5MzQtZjUyYmY2N2U5MjIxXkEyXkFqcGdeQXVyMTQxNzMzNDI@._V1_.jpg",
    "keywords": "pink bra and panties,high school,blue panties,white panties,cheerleader uniform",
    "name": "Superstar",
    "review": {
        "@type": "Review",
        "author": {
            "@type": "Person",
            "name": "jmcool5164"
        },
        "dateCreated": "2000-03-01",
        "inLanguage": "English",
        "itemReviewed": {
            "@type": "CreativeWork",
            "url": "/title/tt0167427/"
        },
        "name": "Stupid Critics! This movie was Funny!",
        "reviewBody": "This movie was one of the funniest SNL movies ever! Every critic imaginable hated this movie but I still think that it is the second funniest thing Will Ferrill has done. (1st being DICK) I saw it in theaters and thought it was so funny that I made it the first movie of the millenium that I saw. Yeah, my grandparents hated it but still IT IS FUNNY!!! I guess you just have to be a kid to like it."
    },
    "trailer": {
        "@type": "VideoObject",
        "description": "Home Video Trailer from Paramount Home Entertainment",
        "duration": "PT2M16S",
        "embedUrl": "https://www.imdb.com/video/imdb/vi2374435097",
        "name": "Superstar",
        "thumbnail": {
            "@type": "ImageObject",
            "contentUrl": "https://m.media-amazon.com/images/M/MV5BMDk0ZDM4NGQtOTU1MS00MWYyLTg5YTUtYTJiM2RiNDk0NDhjXkEyXkFqcGdeQXVyNzU1NzE3NTg@._V1_.jpg"
        },
        "thumbnailUrl": "https://m.media-amazon.com/images/M/MV5BMDk0ZDM4NGQtOTU1MS00MWYyLTg5YTUtYTJiM2RiNDk0NDhjXkEyXkFqcGdeQXVyNzU1NzE3NTg@._V1_.jpg",
        "uploadDate": "2008-04-11T16:04:13Z",
        "url": "https://www.imdb.com/video/vi2374435097/"
    },
    "url": "/title/tt0167427/"
}