{
    "@context": "https://schema.org",
    "@type": "Movie",
    "actor": [
        {
            "@type": "Person",
            "name": "Renée Zellweger",
            "url": "/name/nm0000250/"
        },
        {
            "@type": "Person",
            "name": "Matthew McConaughey",
            "url": "/name/nm0000190/"
        },
        {
            "@type": "Person",
            "name": "Robert Jacks",
            "url": "/name/nm0413210/"
        }
    ],
    "aggregateRating": {
        "@type": "AggregateRating",
        "bestRating": 10,
        "ratingCount": 24173,
        "ratingValue": 3.3,
        "worstRating": 1
    },
    "alternateName": "Texas Chainsaw Massacre: The Next Generation",
    "contentRating": "R",
    "creator": [
        {
            "@type": "Organization",
            "url": "/company/co0063750/"
        },
        {
            "@type": "Organization",
            "url": "/company/co0065912/"
        },
        {
            "@type": "Organization",
            "url": "/company/co0073054/"
        },
        {
            "@type": "Person",
            "name": "Kim Henkel",
            "url": "/name/nm0377066/"
        },
        {
            "@type": "Person",
            "name": "Tobe Hooper",
            "url": "/name/nm0001361/"
        }
    ],
    "datePublished": "1995-10-21",
    "description": "A group of teenagers get into a car crash in the Texas woods on prom night, and then wander into an old farmhouse that is home to Leatherface (Robert Jacks) and his insane family of cannibalistic psychopaths.",
    "director": [
        {
            "@type": "Person",
            "name": "Kim Henkel",
            "url": "/name/nm0377066/"
        }
    ],
    "duration": "PT1H27M",
    "genre": [
        "Comedy",
        "Horror",
        "Thriller"
    ],
    "image": "https://m.media-amazon.com/images/M/MV5BYTE3MzM4NzQtZWZjMi00MmI5LWE0NGItNDZlNmJhMjQyMTQ1L2ltYWdlXkEyXkFqcGdeQXVyNjQ2MjQ5NzM@._V1_.jpg",
    "keywords": "chainsaw,pantyhose,sequel,fourth part,psychopath",
    "name": "The Return of the Texas Chainsaw Massacre",
    "original_info": {
        "id": "Texas_1995",
        "name": "Texas",
        "year": "1995"
    },
    "review": {
        "@type": "Review",
        "author": {
            "@type": "Person",
            "name": "raesun"
        },
        "dateCreated": "1999-05-21",
        "inLanguage": "English",
        "itemReviewed": {
            "@type": "CreativeWork",
            "url": "/title/tt0110978/"
        },
        "name": "What did you expect?",
        "reviewBody": "Anyone expecting oscar caliber film material when they popped this nugget in their VCR is kidding themselves.\n\nSaying this movie sucks is similar to the people who stand in front of me at McDonald's complaining that their burger wasn't prepared properly. This aint Western Sizzlin, ya know!\n\nSo it was mindless, laughable, and possessed all of the other attributes that all TCM movies have. So what.\n\nCan we really say that the original TCM had any kind of cinematic value. It was intense, graphic...yes. But the dialogue, (the small amount that it required) was no more cerebral than any TCM produced after.\n\nI agree with the viewer in Baltimore that the mechanical leg was very funny. I preferred the trailer park babe who was constantly making references to her fake breasts. She was funny. The movie did go downhill with the arrival of the freak in the limo. It became very disjointed. So did all of the others, though. All TCM movies have always been about one subject...mindless violence and shock value.\n\nIf you didn't like it...fine. I was disappointed that the two main characters are embarrassed about making the movie. It's not something to be proud of, no. But it is still a piece of film that they got paid for. Also a break that they were given, as unknown actors. Just goes to show that once actors make it to the top, they forget the mere humans at the bottom, that boosted them up."
    },
    "url": "/title/tt0110978/"
}