{
    "@context": "https://schema.org",
    "@type": "TVSeries",
    "actor": [
        {
            "@type": "Person",
            "name": "Raven-Symoné",
            "url": "/name/nm0712368/"
        },
        {
            "@type": "Person",
            "name": "Orlando Brown",
            "url": "/name/nm0114371/"
        },
        {
            "@type": "Person",
            "name": "Anneliese van der Pol",
            "url": "/name/nm1156809/"
        }
    ],
    "aggregateRating": {
        "@type": "AggregateRating",
        "bestRating": 10,
        "ratingCount": 20579,
        "ratingValue": 6.6,
        "worstRating": 1
    },
    "contentRating": "TV-G",
    "creator": [
        {
            "@type": "Organization",
            "url": "/company/co0822367/"
        },
        {
            "@type": "Organization",
            "url": "/company/co0086543/"
        },
        {
            "@type": "Organization",
            "url": "/company/co0022105/"
        },
        {
            "@type": "Person",
            "name": "Michael Poryes",
            "url": "/name/nm0689954/"
        },
        {
            "@type": "Person",
            "name": "Susan Sherman",
            "url": "/name/nm0583633/"
        }
    ],
    "datePublished": "2003-01-17",
    "description": "A teenage girl periodically receives brief psychic visions of the near future. Trying to make these visions come true results in trouble, and hilarious situations, for the girl and her friends.",
    "genre": [
        "Comedy",
        "Family",
        "Fantasy"
    ],
    "image": "https://m.media-amazon.com/images/M/MV5BZjBhMmI0NDItYjRlZC00ODBmLWE2Y2YtYjI1OWYyYTA0Mjc3XkEyXkFqcGdeQXVyMTIwMjY0NjQz._V1_.jpg",
    "keywords": "2000s,supernatural power,psychotronic series,raven baxter character,teenage girl as protagonist",
    "name": "That's So Raven",
    "original_info": {
        "id": "That's So Raven: Supernaturally Stylish_2003",
        "name": "That's So Raven: Supernaturally Stylish",
        "year": "2003"
    },
    "review": {
        "@type": "Review",
        "author": {
            "@type": "Person",
            "name": "airedale17"
        },
        "dateCreated": "2006-02-20",
        "inLanguage": "English",
        "itemReviewed": {
            "@type": "CreativeWork",
            "url": "/title/tt0300865/"
        },
        "name": "Not Bad....",
        "reviewBody": "I found this show mildly interesting, and funny sometimes. I mean, who can't help but laugh at a show where the main character is so... interesting. It's an original show, I'll definitely give them that.\n\nBut some parts make me shudder. Anneliese van der Pol, who plays Chelsea, was funny and fairly witty, if naive, in the first season. But as the show progressed, she became steadily stupider. It started out as a funny sort of stupidity, but at this point in the show you start to wonder what toxic fumes she has inhaled.\n\nAll in all, though, it's pretty amusing. Not something I'm going to go racing to the TV for, screaming 'That's So Raven is on! I MUST WATCH IT!', but something that's good for a chuckle when you stumble upon it."
    },
    "trailer": {
        "@type": "VideoObject",
        "description": "CT #1 Post",
        "duration": "PT1M1S",
        "embedUrl": "https://www.imdb.com/video/imdb/vi314638617",
        "name": "That's So Raven: Raven's House Party / The Proud Family Movie",
        "thumbnail": {
            "@type": "ImageObject",
            "contentUrl": "https://m.media-amazon.com/images/M/MV5BMTI0YTZkNjAtMjBkZi00ZmEyLTgyZjItMDIzODc3NGQ2ZWQwXkEyXkFqcGdeQXVyNzU1NzE3NTg@._V1_.jpg"
        },
        "thumbnailUrl": "https://m.media-amazon.com/images/M/MV5BMTI0YTZkNjAtMjBkZi00ZmEyLTgyZjItMDIzODc3NGQ2ZWQwXkEyXkFqcGdeQXVyNzU1NzE3NTg@._V1_.jpg",
        "uploadDate": "2008-08-04T03:49:25Z",
        "url": "https://www.imdb.com/video/vi314638617/"
    },
    "url": "/title/tt0300865/"
}