{
    "@context": "https://schema.org",
    "@type": "VideoGame",
    "actor": [
        {
            "@type": "Person",
            "name": "Melissa Hutchison",
            "url": "/name/nm1563502/"
        },
        {
            "@type": "Person",
            "name": "Scott Porter",
            "url": "/name/nm2187603/"
        },
        {
            "@type": "Person",
            "name": "Mara Junot",
            "url": "/name/nm5235708/"
        }
    ],
    "aggregateRating": {
        "@type": "AggregateRating",
        "bestRating": 10,
        "ratingCount": 7638,
        "ratingValue": 8.7,
        "worstRating": 1
    },
    "alternateName": "The Walking Dead: Season Two",
    "contentRating": "M",
    "creator": [
        {
            "@type": "Organization",
            "url": "/company/co0180284/"
        },
        {
            "@type": "Person",
            "name": "Charlie Adlard",
            "url": "/name/nm1891501/"
        },
        {
            "@type": "Person",
            "name": "Matt Allmer",
            "url": "/name/nm3468088/"
        },
        {
            "@type": "Person",
            "name": "Nick Breckon",
            "url": "/name/nm5805479/"
        }
    ],
    "datePublished": "2014-10-14",
    "description": "Left to fend for herself, Clementine has been forced to learn how to survive in a world gone mad. Many months have passed and she is in search of safety.",
    "director": [
        {
            "@type": "Person",
            "name": "Sean Ainsworth",
            "url": "/name/nm4302051/"
        },
        {
            "@type": "Person",
            "name": "Jason Latino",
            "url": "/name/nm6339980/"
        },
        {
            "@type": "Person",
            "name": "Dennis Lenart",
            "url": "/name/nm1520755/"
        }
    ],
    "genre": [
        "Drama",
        "Horror",
        "Thriller"
    ],
    "image": "https://m.media-amazon.com/images/M/MV5BZjcwOGVmODgtMWUxYS00Mjk3LTlkZDMtYjZkZDA3ZWJiYTI3XkEyXkFqcGdeQXVyNTM3NzExMDQ@._V1_.jpg",
    "keywords": "single player,xbox 360,microsoft windows,playstation 3,graphic adventure",
    "name": "The Walking Dead: The Game - Season 2",
    "original_info": {
        "id": "The Waltons: Season 2_1973",
        "name": "The Waltons: Season 2",
        "year": "1973"
    },
    "review": {
        "@type": "Review",
        "author": {
            "@type": "Person",
            "name": "thomasgouldsbrough"
        },
        "dateCreated": "2022-06-18",
        "inLanguage": "English",
        "itemReviewed": {
            "@type": "CreativeWork",
            "url": "/title/tt3390964/"
        },
        "name": "A Telltale game worthy of the title",
        "reviewBody": "The Walking Dead Season 2 is a perfect example on how to make a game sequel. It captures the charm and appeal of the first game, while expanding the universe of the game, to create it's own unique story, having a completely different identity to the first season. The stakes seem to increase, and the ending has a lot more choice, which greatly improves the playing experience.\n\nIn terms of improvement to the first season, and an element which makes the 2nd season completely unique, is the choice Clementine has in terms of her loyalty to Kenny. In the first game, Lee is completely loyal to the group, and there was never a clear divide, so as a result Lee never took sides, whereas in the 2nd season there's a clear split between Kenny and the result of the group. Therefore, Clementine's loyalty is greatly tested. This makes for really interesting gameplay, as the player has to consistently choose between the 2 sides. As a result the player has more autonomy over the events of the story, something that is greatly improved from the first season. The theme of loyalty towards Kenny becomes a contentious issue, one that has the potential for a great deal of analysis.\n\nThis game's just as well made as it's predecessor. It leaves an emotional impact and the characters are well crafted and memorable. As a result the Walking Dead Season Two is a masterpiece, and one of the greatest video games on the market.",
        "reviewRating": {
            "@type": "Rating",
            "bestRating": 10,
            "ratingValue": 10,
            "worstRating": 1
        }
    },
    "trailer": {
        "@type": "VideoObject",
        "description": "The Walking Dead: Season 2: In The Pines",
        "duration": "PT1M49S",
        "embedUrl": "https://www.imdb.com/video/imdb/vi2405088537",
        "name": "The Walking Dead: Season 2: In The Pines",
        "thumbnail": {
            "@type": "ImageObject",
            "contentUrl": "https://m.media-amazon.com/images/M/MV5BYWIzOTcwNjEtMmU3Ny00YmY3LWI0ZjUtZTVhMDMzOTcwZDA1XkEyXkFqcGdeQXRyYW5zY29kZS13b3JrZmxvdw@@._V1_.jpg"
        },
        "thumbnailUrl": "https://m.media-amazon.com/images/M/MV5BYWIzOTcwNjEtMmU3Ny00YmY3LWI0ZjUtZTVhMDMzOTcwZDA1XkEyXkFqcGdeQXRyYW5zY29kZS13b3JrZmxvdw@@._V1_.jpg",
        "uploadDate": "2019-04-17T03:36:16.419Z",
        "url": "https://www.imdb.com/video/vi2405088537/"
    },
    "url": "/title/tt3390964/"
}