{
    "@context": "https://schema.org",
    "@type": "TVEpisode",
    "actor": [
        {
            "@type": "Person",
            "name": "Lewis Lovhaug",
            "url": "/name/nm3809533/"
        }
    ],
    "creator": [
        {
            "@type": "Organization",
            "url": "/company/co0292341/"
        },
        {
            "@type": "Person",
            "name": "Lewis Lovhaug",
            "url": "/name/nm3809533/"
        }
    ],
    "datePublished": "2016-06-16",
    "description": "Day 14 of A Midsummer's Nightmare and Twilight Zone month. Our host keeps up the trend of skipping ahead as he looks at issue 5 of the second volume of NOW's Twilight Zone comics.",
    "director": [
        {
            "@type": "Person",
            "name": "Lewis Lovhaug",
            "url": "/name/nm3809533/"
        }
    ],
    "genre": [
        "Short",
        "Comedy",
        "Drama"
    ],
    "image": "https://m.media-amazon.com/images/M/MV5BZjJjZmE5MmMtMTcwMy00OWQyLWIzYmEtOTIzYjBkM2Q2ZDA0XkEyXkFqcGdeQXVyMTMwNjkxNjE@._V1_.jpg",
    "name": "The Twilight Zone Vol. 2 #5 (NOW Comics)",
    "original_info": {
        "id": "The Twilight Zone: Vol. 17_1964",
        "name": "The Twilight Zone: Vol. 17",
        "year": "1964"
    },
    "url": "/title/tt5813666/"
}