{
    "@context": "https://schema.org",
    "@type": "Movie",
    "aggregateRating": {
        "@type": "AggregateRating",
        "bestRating": 10,
        "ratingCount": 8,
        "ratingValue": 8.3,
        "worstRating": 1
    },
    "alternateName": "The House I Live in: Bonus Material",
    "creator": [
        {
            "@type": "Organization",
            "url": "/company/co0157676/"
        },
        {
            "@type": "Person",
            "name": "Christopher St. John",
            "url": "/name/nm3261459/"
        }
    ],
    "datePublished": "2012-07-02",
    "duration": "PT1H18M",
    "genre": [
        "Documentary"
    ],
    "keywords": "dvd extra",
    "name": "The House I Live In: Bonus Material",
    "original_info": {
        "id": "The Missing: Bonus Material_2003",
        "name": "The Missing: Bonus Material",
        "year": "2003"
    },
    "url": "/title/tt3560270/"
}