{
    "@context": "https://schema.org",
    "@type": "Movie",
    "actor": [
        {
            "@type": "Person",
            "name": "David Hyde Pierce",
            "url": "/name/nm0001383/"
        }
    ],
    "aggregateRating": {
        "@type": "AggregateRating",
        "bestRating": 10,
        "ratingCount": 22,
        "ratingValue": 7.1,
        "worstRating": 1
    },
    "creator": [
        {
            "@type": "Organization",
            "url": "/company/co0050166/"
        }
    ],
    "datePublished": "2004-01-21",
    "director": [
        {
            "@type": "Person",
            "name": "Elizabeth Arledge",
            "url": "/name/nm1768154/"
        }
    ],
    "genre": [
        "Documentary"
    ],
    "image": "https://m.media-amazon.com/images/M/MV5BMTIwMDM4NDkwM15BMl5BanBnXkFtZTcwMDk1OTAzMQ@@._V1_.jpg",
    "name": "The Forgetting: A Portrait of Alzheimer's",
    "original_info": {
        "id": "The Forgetting: A Portrait of Alzheimer's_2004",
        "name": "The Forgetting: A Portrait of Alzheimer's",
        "year": "2004"
    },
    "url": "/title/tt0433374/"
}