{
    "@context": "https://schema.org",
    "@type": "TVEpisode",
    "actor": [
        {
            "@type": "Person",
            "name": "Lewis Lovhaug",
            "url": "/name/nm3809533/"
        }
    ],
    "creator": [
        {
            "@type": "Organization",
            "url": "/company/co0292341/"
        },
        {
            "@type": "Person",
            "name": "Lewis Lovhaug",
            "url": "/name/nm3809533/"
        }
    ],
    "datePublished": "2016-06-14",
    "description": "Day 12 of A Midsummer's Nightmare and Twilight Zone month. Our host continues to look at NOW Comics and their Twilight Zone run with part of the second volume.",
    "director": [
        {
            "@type": "Person",
            "name": "Lewis Lovhaug",
            "url": "/name/nm3809533/"
        }
    ],
    "genre": [
        "Short",
        "Comedy",
        "Drama"
    ],
    "image": "https://m.media-amazon.com/images/M/MV5BZjJjZmE5MmMtMTcwMy00OWQyLWIzYmEtOTIzYjBkM2Q2ZDA0XkEyXkFqcGdeQXVyMTMwNjkxNjE@._V1_.jpg",
    "name": "The Twilight Zone Vol. 2 #1 (NOW Comics)",
    "original_info": {
        "id": "The Twilight Zone: Vol. 18_1960",
        "name": "The Twilight Zone: Vol. 18",
        "year": "1960"
    },
    "url": "/title/tt5808516/"
}