{
    "@context": "https://schema.org",
    "@type": "VideoGame",
    "actor": [
        {
            "@type": "Person",
            "name": "Melissa Hutchison",
            "url": "/name/nm1563502/"
        },
        {
            "@type": "Person",
            "name": "Scott Porter",
            "url": "/name/nm2187603/"
        },
        {
            "@type": "Person",
            "name": "Mara Junot",
            "url": "/name/nm5235708/"
        }
    ],
    "aggregateRating": {
        "@type": "AggregateRating",
        "bestRating": 10,
        "ratingCount": 7637,
        "ratingValue": 8.7,
        "worstRating": 1
    },
    "alternateName": "The Walking Dead: Season Two",
    "contentRating": "M",
    "creator": [
        {
            "@type": "Organization",
            "url": "/company/co0180284/"
        },
        {
            "@type": "Person",
            "name": "Charlie Adlard",
            "url": "/name/nm1891501/"
        },
        {
            "@type": "Person",
            "name": "Matt Allmer",
            "url": "/name/nm3468088/"
        },
        {
            "@type": "Person",
            "name": "Nick Breckon",
            "url": "/name/nm5805479/"
        }
    ],
    "datePublished": "2014-10-14",
    "description": "Left to fend for herself, Clementine has been forced to learn how to survive in a world gone mad. Many months have passed and she is in search of safety.",
    "director": [
        {
            "@type": "Person",
            "name": "Sean Ainsworth",
            "url": "/name/nm4302051/"
        },
        {
            "@type": "Person",
            "name": "Jason Latino",
            "url": "/name/nm6339980/"
        },
        {
            "@type": "Person",
            "name": "Dennis Lenart",
            "url": "/name/nm1520755/"
        }
    ],
    "genre": [
        "Drama",
        "Horror",
        "Thriller"
    ],
    "image": "https://m.media-amazon.com/images/M/MV5BZjcwOGVmODgtMWUxYS00Mjk3LTlkZDMtYjZkZDA3ZWJiYTI3XkEyXkFqcGdeQXVyNTM3NzExMDQ@._V1_.jpg",
    "keywords": "single player,xbox 360,microsoft windows,playstation 3,graphic adventure",
    "name": "The Walking Dead: The Game - Season 2",
    "original_info": {
        "id": "The Jeffersons: Season 2_1976",
        "name": "The Jeffersons: Season 2",
        "year": "1976"
    },
    "review": {
        "@type": "Review",
        "author": {
            "@type": "Person",
            "name": "jpercy-200-519474"
        },
        "dateCreated": "2014-03-25",
        "inLanguage": "English",
        "itemReviewed": {
            "@type": "CreativeWork",
            "url": "/title/tt3390964/"
        },
        "name": "Brilliant but far to short",
        "reviewBody": "Awesome game and i love every episode but can we handle the long release dates and episodes getting shorter? i mean season 2 was meant to be every month and it ending up being like 2-3 months after the 1st episode, I've got a feeling episode 3 won't be here till at least june, I'm sorry but whats happening to the length of each episode as well this is by far the shortest and doesn't seem half as long as season 1 episodes, does anyone know why they are so short when we get games like final fantasy and the beautiful ni no kuni which i recently finished after several hundred hours of play, i understand the play is different and making choices that give you other outcomes must affect the game but i really was surprised by how short this episode was, although i love the game, waiting 3 months for 20mins gameplay is not my idea of fun, I will stick with this season but I'm afraid next time i will be waiting till the whole game is made and released and buy it then",
        "reviewRating": {
            "@type": "Rating",
            "bestRating": 10,
            "ratingValue": 9,
            "worstRating": 1
        }
    },
    "trailer": {
        "@type": "VideoObject",
        "description": "The Walking Dead: Season 2: In The Pines",
        "duration": "PT1M49S",
        "embedUrl": "https://www.imdb.com/video/imdb/vi2405088537",
        "name": "The Walking Dead: Season 2: In The Pines",
        "thumbnail": {
            "@type": "ImageObject",
            "contentUrl": "https://m.media-amazon.com/images/M/MV5BYWIzOTcwNjEtMmU3Ny00YmY3LWI0ZjUtZTVhMDMzOTcwZDA1XkEyXkFqcGdeQXRyYW5zY29kZS13b3JrZmxvdw@@._V1_.jpg"
        },
        "thumbnailUrl": "https://m.media-amazon.com/images/M/MV5BYWIzOTcwNjEtMmU3Ny00YmY3LWI0ZjUtZTVhMDMzOTcwZDA1XkEyXkFqcGdeQXRyYW5zY29kZS13b3JrZmxvdw@@._V1_.jpg",
        "uploadDate": "2019-04-17T03:36:16.419Z",
        "url": "https://www.imdb.com/video/vi2405088537/"
    },
    "url": "/title/tt3390964/"
}