{
    "@context": "https://schema.org",
    "@type": "Movie",
    "actor": [
        {
            "@type": "Person",
            "name": "Samuel Le Bihan",
            "url": "/name/nm0494078/"
        },
        {
            "@type": "Person",
            "name": "Samy Naceri",
            "url": "/name/nm0618651/"
        },
        {
            "@type": "Person",
            "name": "Clotilde Courau",
            "url": "/name/nm0183660/"
        }
    ],
    "aggregateRating": {
        "@type": "AggregateRating",
        "bestRating": 10,
        "ratingCount": 1070,
        "ratingValue": 5.4,
        "worstRating": 1
    },
    "alternateName": "The Code",
    "contentRating": "R",
    "creator": [
        {
            "@type": "Organization",
            "url": "/company/co0172053/"
        },
        {
            "@type": "Organization",
            "url": "/company/co0011185/"
        },
        {
            "@type": "Organization",
            "url": "/company/co0079764/"
        },
        {
            "@type": "Person",
            "name": "Bibi Naceri",
            "url": "/name/nm1098947/"
        },
        {
            "@type": "Person",
            "name": "Manuel Boursinhac",
            "url": "/name/nm0100175/"
        }
    ],
    "datePublished": "2002-10-23",
    "description": "Either you make decisions or life makes them for you. For an ex-con struggling to go straight, the temptation of money, women and power prove too much, especially when his best friend promises him an easy heist.",
    "director": [
        {
            "@type": "Person",
            "name": "Manuel Boursinhac",
            "url": "/name/nm0100175/"
        }
    ],
    "duration": "PT1H56M",
    "genre": [
        "Action",
        "Crime",
        "Thriller"
    ],
    "image": "https://m.media-amazon.com/images/M/MV5BZDI0NmQ4ZDEtNTBiYS00MDcyLTlhYTEtNzcwYTgyOWI1ODNjXkEyXkFqcGdeQXVyMTY5Nzc4MDY@._V1_.jpg",
    "keywords": "criminal,brother versus brother,male rear nudity,male nudity,armored car robbery",
    "name": "La mentale",
    "original_info": {
        "id": "The Code_2002",
        "name": "The Code",
        "year": "2002"
    },
    "review": {
        "@type": "Review",
        "author": {
            "@type": "Person",
            "name": "indeus"
        },
        "dateCreated": "2003-05-29",
        "inLanguage": "English",
        "itemReviewed": {
            "@type": "CreativeWork",
            "url": "/title/tt0304391/"
        },
        "name": "Just the music score",
        "reviewBody": "No actors, no script, no director, no movie. Naceri is a typically good boy. Perfect for Taxi, but not for this movie. Since, he is the worst actor in this movie. His _character_ is a mad, fanatic criminal offender, but he can't show us. The one good thing in the movie: the music score. Otherwise the worst movie that I had been ever see.",
        "reviewRating": {
            "@type": "Rating",
            "bestRating": 10,
            "ratingValue": 1,
            "worstRating": 1
        }
    },
    "trailer": {
        "@type": "VideoObject",
        "description": "aka \"La Mentale\" HV post",
        "duration": "PT1M12S",
        "embedUrl": "https://www.imdb.com/video/imdb/vi4153016601",
        "name": "The Code",
        "thumbnail": {
            "@type": "ImageObject",
            "contentUrl": "https://m.media-amazon.com/images/M/MV5BZGNhZTJlY2MtZjM1Ni00ODg0LTg3MTItNWYwYjdlZTRmNTU2XkEyXkFqcGdeQXVyNzU1NzE3NTg@._V1_.jpg"
        },
        "thumbnailUrl": "https://m.media-amazon.com/images/M/MV5BZGNhZTJlY2MtZjM1Ni00ODg0LTg3MTItNWYwYjdlZTRmNTU2XkEyXkFqcGdeQXVyNzU1NzE3NTg@._V1_.jpg",
        "uploadDate": "2008-04-11T16:15:55Z",
        "url": "https://www.imdb.com/video/vi4153016601/"
    },
    "url": "/title/tt0304391/"
}