{
    "@context": "https://schema.org",
    "@type": "Movie",
    "actor": [
        {
            "@type": "Person",
            "name": "Halle Bailey",
            "url": "/name/nm1782991/"
        },
        {
            "@type": "Person",
            "name": "Jonah Hauer-King",
            "url": "/name/nm5999355/"
        },
        {
            "@type": "Person",
            "name": "Melissa McCarthy",
            "url": "/name/nm0565250/"
        }
    ],
    "contentRating": "PG",
    "creator": [
        {
            "@type": "Organization",
            "url": "/company/co0008970/"
        },
        {
            "@type": "Organization",
            "url": "/company/co0206362/"
        },
        {
            "@type": "Organization",
            "url": "/company/co0093810/"
        },
        {
            "@type": "Person",
            "name": "David Magee",
            "url": "/name/nm1341735/"
        },
        {
            "@type": "Person",
            "name": "Rob Marshall",
            "url": "/name/nm0551128/"
        },
        {
            "@type": "Person",
            "name": "John DeLuca",
            "url": "/name/nm0217896/"
        }
    ],
    "datePublished": "2023-05-26",
    "description": "A young mermaid makes a deal with a sea witch to trade her beautiful voice for human legs so she can discover the world above water and impress a prince.",
    "director": [
        {
            "@type": "Person",
            "name": "Rob Marshall",
            "url": "/name/nm0551128/"
        }
    ],
    "genre": [
        "Adventure",
        "Family",
        "Fantasy"
    ],
    "image": "https://m.media-amazon.com/images/M/MV5BYTUxYjczMWUtYzlkZC00NTcwLWE3ODQtN2I2YTIxOTU0ZTljXkEyXkFqcGdeQXVyMTkxNjUyNQ@@._V1_.jpg",
    "keywords": "disney live action remake of animated film,the little mermaid character,ariel character,ursula character,prince eric character",
    "name": "The Little Mermaid",
    "original_info": {
        "id": "The Little Mermaid_1989",
        "name": "The Little Mermaid",
        "year": "1989"
    },
    "trailer": {
        "@type": "VideoObject",
        "description": "Watch and you'll see, some day I'll be, part of your world! Watch the new trailer for #TheLittleMermaid and see the movie in theaters May 26!",
        "duration": "PT2M21S",
        "embedUrl": "https://www.imdb.com/video/imdb/vi1211810841",
        "name": "Official Trailer",
        "thumbnail": {
            "@type": "ImageObject",
            "contentUrl": "https://m.media-amazon.com/images/M/MV5BZDJjNDdjNTItMDQ2NC00MGYxLWFkZWUtZDdjNzk0OTIxMzQyXkEyXkFqcGdeQWFybm8@._V1_.jpg"
        },
        "thumbnailUrl": "https://m.media-amazon.com/images/M/MV5BZDJjNDdjNTItMDQ2NC00MGYxLWFkZWUtZDdjNzk0OTIxMzQyXkEyXkFqcGdeQWFybm8@._V1_.jpg",
        "uploadDate": "2023-03-13T01:04:31.111Z",
        "url": "https://www.imdb.com/video/vi1211810841/"
    },
    "url": "/title/tt5971474/"
}