{
    "@context": "https://schema.org",
    "@type": "Movie",
    "actor": [
        {
            "@type": "Person",
            "name": "Francis Ng",
            "url": "/name/nm0628757/"
        },
        {
            "@type": "Person",
            "name": "Andy On",
            "url": "/name/nm0648499/"
        },
        {
            "@type": "Person",
            "name": "Lei Liu",
            "url": "/name/nm1808129/"
        }
    ],
    "aggregateRating": {
        "@type": "AggregateRating",
        "bestRating": 10,
        "ratingCount": 1130,
        "ratingValue": 5.5,
        "worstRating": 1
    },
    "alternateName": "The White Dragon",
    "contentRating": "PG-13",
    "creator": [
        {
            "@type": "Organization",
            "url": "/company/co0078389/"
        },
        {
            "@type": "Organization",
            "url": "/company/co0049799/"
        },
        {
            "@type": "Organization",
            "url": "/company/co0003221/"
        },
        {
            "@type": "Person",
            "name": "Wilson Yip",
            "url": "/name/nm0948159/"
        },
        {
            "@type": "Person",
            "name": "Yiu Fai Lo",
            "url": "/name/nm0516352/"
        }
    ],
    "datePublished": "2004-10-28",
    "description": "A teenage girl is given the martial arts skills of The White Dragon. When she discovers that the famed assassin, Chicken Feathers, is planning to kill her beloved prince, she seeks to prevent him.",
    "director": [
        {
            "@type": "Person",
            "name": "Wilson Yip",
            "url": "/name/nm0948159/"
        }
    ],
    "duration": "PT1H33M",
    "genre": [
        "Action",
        "Adventure",
        "Comedy"
    ],
    "image": "https://m.media-amazon.com/images/M/MV5BZWMwNDc2NjctZDE1MS00YTZlLWE0N2MtM2FmNTNkMzJhZDBkXkEyXkFqcGdeQXVyNzI1NzMxNzM@._V1_.jpg",
    "keywords": "martial arts action,dragon,martial arts,martial arts movie,bamboo",
    "name": "Fei hap Siu bak lung",
    "review": {
        "@type": "Review",
        "author": {
            "@type": "Person",
            "name": "mcvegepau"
        },
        "dateCreated": "2020-11-10",
        "inLanguage": "English",
        "itemReviewed": {
            "@type": "CreativeWork",
            "url": "/title/tt0441263/"
        },
        "name": "A young woman's journal on \"How I met my husband\"",
        "reviewBody": "This is NOT a wuxia film -- don't watch this for the swordfights or chereography, and you will find the movie entertaining. Running at mere 90smins, The White Dragon can be a filler for your indoor time during the quarantine period.\n\nThe movie begins with the heroine's voiceover on her teenage hopes and dreams, and how her life turned out to be the complete opposite. The movie itself shows the audience how she came to stumble into a path she wouldnt dream of taking, but bravely walk the path anyway.\n\nLove this movie to bits.",
        "reviewRating": {
            "@type": "Rating",
            "bestRating": 10,
            "ratingValue": 10,
            "worstRating": 1
        }
    },
    "trailer": {
        "@type": "VideoObject",
        "description": "Home Video Trailer from Sony Pictures Home Entertainment",
        "duration": "PT1M1S",
        "embedUrl": "https://www.imdb.com/video/imdb/vi1005977881",
        "name": "The White Dragon",
        "thumbnail": {
            "@type": "ImageObject",
            "contentUrl": "https://m.media-amazon.com/images/M/MV5BNWUxMTk1ODktNjUxZC00NDg0LTgxNTUtMGUyOTM0ZTdjNDQ2XkEyXkFqcGdeQXVyNzU1NzE3NTg@._V1_.jpg"
        },
        "thumbnailUrl": "https://m.media-amazon.com/images/M/MV5BNWUxMTk1ODktNjUxZC00NDg0LTgxNTUtMGUyOTM0ZTdjNDQ2XkEyXkFqcGdeQXVyNzU1NzE3NTg@._V1_.jpg",
        "uploadDate": "2008-04-11T16:55:08Z",
        "url": "https://www.imdb.com/video/vi1005977881/"
    },
    "url": "/title/tt0441263/"
}