{
    "@context": "https://schema.org",
    "@type": "Movie",
    "actor": [
        {
            "@type": "Person",
            "name": "Mary Shannon",
            "url": "/name/nm1059956/"
        },
        {
            "@type": "Person",
            "name": "George Thomas",
            "url": "/name/nm0858869/"
        },
        {
            "@type": "Person",
            "name": "Devinn Lane",
            "url": "/name/nm0485313/"
        }
    ],
    "aggregateRating": {
        "@type": "AggregateRating",
        "bestRating": 10,
        "ratingCount": 95,
        "ratingValue": 3.7,
        "worstRating": 1
    },
    "alternateName": "The Bounty Huntress",
    "contentRating": "R",
    "creator": [
        {
            "@type": "Organization",
            "url": "/company/co0090784/"
        },
        {
            "@type": "Person",
            "name": "Karen Stone",
            "url": "/name/nm3241823/"
        }
    ],
    "description": "When dangerous mob defector Franco goes on the run and eludes the D.A.'s office, they turn to their secret weapon - a gorgeous and lethal bounty huntress who goes only by the name of J.C. With a flawless record and a deadly determ...",
    "director": [
        {
            "@type": "Person",
            "name": "Madison Monroe",
            "url": "/name/nm0598527/"
        }
    ],
    "duration": "PT1H38M",
    "genre": [
        "Action",
        "Drama"
    ],
    "image": "https://m.media-amazon.com/images/M/MV5BMzIyMmJlZjYtODZmNC00YTEyLWI4NmYtMWNkYzU0NmI4YWY2XkEyXkFqcGdeQXVyMTk5MjAyMjM@._V1_.jpg",
    "keywords": "lesbianism,sexploitation,sexploitation film,female rear nudity,female frontal nudity",
    "name": "Beautiful Bounty",
    "original_info": {
        "id": "The Bounty Huntress_2001",
        "name": "The Bounty Huntress",
        "year": "2001"
    },
    "review": {
        "@type": "Review",
        "author": {
            "@type": "Person",
            "name": "grantss"
        },
        "dateCreated": "2022-07-30",
        "inLanguage": "English",
        "itemReviewed": {
            "@type": "CreativeWork",
            "url": "/title/tt0297769/"
        },
        "name": "Cheap and cheesy",
        "reviewBody": "Calling this B-grade would be a compliment to the film as it is worse than that. Basic, unoriginal, predictable plot, laughable dialogue, hammy acting, poor production values.\n\nAvoid.",
        "reviewRating": {
            "@type": "Rating",
            "bestRating": 10,
            "ratingValue": 2,
            "worstRating": 1
        }
    },
    "url": "/title/tt0297769/"
}