{
    "@context": "https://schema.org",
    "@type": "Movie",
    "actor": [
        {
            "@type": "Person",
            "name": "Kevin Dubrow",
            "url": "/name/nm7068322/"
        },
        {
            "@type": "Person",
            "name": "Peter Frampton",
            "url": "/name/nm0289759/"
        },
        {
            "@type": "Person",
            "name": "Simon Kirke",
            "url": "/name/nm1085792/"
        }
    ],
    "aggregateRating": {
        "@type": "AggregateRating",
        "bestRating": 10,
        "ratingCount": 16,
        "ratingValue": 6.6,
        "worstRating": 1
    },
    "creator": [
        {
            "@type": "Organization",
            "url": "/company/co0148635/"
        }
    ],
    "datePublished": "2015-01-20",
    "description": "\"The Life and Times of Steve Marriott\" is a compelling documentary about one of rock's most dynamic, exciting, and sadly; unsung heroes of rock and roll. Showcasing revelatory interviews with Humble Pie's Peter Frampton, Jerry Shi...",
    "director": [
        {
            "@type": "Person",
            "name": "Gary J. Katz",
            "url": "/name/nm0441714/"
        }
    ],
    "duration": "PT1H7M",
    "genre": [
        "Documentary"
    ],
    "image": "https://m.media-amazon.com/images/M/MV5BMDI0NjNjMGYtMmU1My00ZTA3LWE0NGQtYzY0MDJlMjA1MTk5XkEyXkFqcGdeQXVyNTM3MDMyMDQ@._V1_.jpg",
    "name": "The Life & Times of Steve Marriott",
    "original_info": {
        "id": "The Life and Times of Steve Marriott_2000",
        "name": "The Life and Times of Steve Marriott",
        "year": "2000"
    },
    "url": "/title/tt4375298/"
}