{
    "@context": "https://schema.org",
    "@type": "Movie",
    "actor": [
        {
            "@type": "Person",
            "name": "Philip L. Clarke",
            "url": "/name/nm0164950/"
        },
        {
            "@type": "Person",
            "name": "Rosalind Ayres",
            "url": "/name/nm0044011/"
        },
        {
            "@type": "Person",
            "name": "David Gulpilil",
            "url": "/name/nm0347858/"
        }
    ],
    "aggregateRating": {
        "@type": "AggregateRating",
        "bestRating": 10,
        "ratingCount": 119,
        "ratingValue": 6.7,
        "worstRating": 1
    },
    "alternateName": "The Great Barrier Reef",
    "creator": [
        {
            "@type": "Organization",
            "url": "/company/co0074086/"
        },
        {
            "@type": "Organization",
            "url": "/company/co0003515/"
        },
        {
            "@type": "Person",
            "name": "George Casey",
            "url": "/name/nm0143426/"
        },
        {
            "@type": "Person",
            "name": "Mose Richards",
            "url": "/name/nm0724255/"
        }
    ],
    "director": [
        {
            "@type": "Person",
            "name": "George Casey",
            "url": "/name/nm0143426/"
        }
    ],
    "duration": "PT39M",
    "genre": [
        "Documentary",
        "Short"
    ],
    "image": "https://m.media-amazon.com/images/M/MV5BMjE3Mzg2OTQ4Nl5BMl5BanBnXkFtZTcwOTkzNTQzMQ@@._V1_.jpg",
    "keywords": "underwater scene,shark,fish,diver,coral reef",
    "name": "Great Barrier Reef",
    "original_info": {
        "id": "The Great Barrier Reef: IMAX_1999",
        "name": "The Great Barrier Reef: IMAX",
        "year": "1999"
    },
    "trailer": {
        "@type": "VideoObject",
        "description": "Home Video Trailer from SlingShot Entertainment",
        "duration": "PT1M16S",
        "embedUrl": "https://www.imdb.com/video/imdb/vi1005781273",
        "name": "The Great Barrier Reef",
        "thumbnail": {
            "@type": "ImageObject",
            "contentUrl": "https://m.media-amazon.com/images/M/MV5BMTQ3N2YwMTUtZGRiNy00Y2I5LWFlMmEtZjk2MTJmZmE5ZGQ4XkEyXkFqcGdeQXVyNzU1NzE3NTg@._V1_.jpg"
        },
        "thumbnailUrl": "https://m.media-amazon.com/images/M/MV5BMTQ3N2YwMTUtZGRiNy00Y2I5LWFlMmEtZjk2MTJmZmE5ZGQ4XkEyXkFqcGdeQXVyNzU1NzE3NTg@._V1_.jpg",
        "uploadDate": "2008-04-11T16:44:56Z",
        "url": "https://www.imdb.com/video/vi1005781273/"
    },
    "url": "/title/tt0082473/"
}