{
    "@context": "https://schema.org",
    "@type": "Movie",
    "actor": [
        {
            "@type": "Person",
            "name": "Nicolas Cage",
            "url": "/name/nm0000115/"
        },
        {
            "@type": "Person",
            "name": "Téa Leoni",
            "url": "/name/nm0000495/"
        },
        {
            "@type": "Person",
            "name": "Don Cheadle",
            "url": "/name/nm0000332/"
        }
    ],
    "aggregateRating": {
        "@type": "AggregateRating",
        "bestRating": 10,
        "ratingCount": 113623,
        "ratingValue": 6.8,
        "worstRating": 1
    },
    "contentRating": "PG-13",
    "creator": [
        {
            "@type": "Organization",
            "url": "/company/co0005073/"
        },
        {
            "@type": "Organization",
            "url": "/company/co0064908/"
        },
        {
            "@type": "Organization",
            "url": "/company/co0009876/"
        },
        {
            "@type": "Person",
            "name": "David Diamond",
            "url": "/name/nm0224606/"
        },
        {
            "@type": "Person",
            "name": "David Weissman",
            "url": "/name/nm0919289/"
        }
    ],
    "datePublished": "2000-12-22",
    "description": "A fast-lane investment broker, offered the opportunity to see how the other half lives, wakes up to find that his sports car and girlfriend have become a mini-van and wife.",
    "director": [
        {
            "@type": "Person",
            "name": "Brett Ratner",
            "url": "/name/nm0711840/"
        }
    ],
    "duration": "PT2H5M",
    "genre": [
        "Comedy",
        "Drama",
        "Fantasy"
    ],
    "image": "https://m.media-amazon.com/images/M/MV5BYzYzMTQ4NDYtNWRkZi00NTYxLThlZDItMzI1MmU1MmU5ZWQ3XkEyXkFqcGdeQXVyNDA5Mjg5MjA@._V1_.jpg",
    "keywords": "christmas,parallel universe,career man,reflection,crisis of conscience",
    "name": "The Family Man",
    "review": {
        "@type": "Review",
        "author": {
            "@type": "Person",
            "name": "mjw2305"
        },
        "dateCreated": "2007-01-02",
        "inLanguage": "English",
        "itemReviewed": {
            "@type": "CreativeWork",
            "url": "/title/tt0218967/"
        },
        "name": "Touching Romantic comedy",
        "reviewBody": "Nicholas Cage and Tea Leoni steal the show in this very pleasant movie. Jack Campbell (Cage) is a Wall Street investment banker at the top of his profession, that is until one Christmas eve, when he stumbles into the middle of a grocery store hold up. The next day he wakes up married to his college sweetheart Kate Reynolds (Leoni) and he has children. When he finds his old life no longer exists he has to adjust his lifestyle to fit in with his family.\n\nWith slight comparisons to Sliding Doors in the way the story works and the concept of life altering decisions 'Family Man' is very entertaining, charming and heart warming, not to mention subtly amusing throughout. Cage and Leoni are a great on-screen couple and the story is definitely intriguing enough to make for compulsive viewing.\n\n7/10 Not as good as Sliding Doors, but its definitely worthy of your attention.",
        "reviewRating": {
            "@type": "Rating",
            "bestRating": 10,
            "ratingValue": 7,
            "worstRating": 1
        }
    },
    "trailer": {
        "@type": "VideoObject",
        "description": "\",\"duration\":\"PT2M30S",
        "embedUrl": "https://www.imdb.com/video/imdb/vi318685465",
        "name": "Trailer",
        "thumbnail": {
            "@type": "ImageObject",
            "contentUrl": "https://m.media-amazon.com/images/M/MV5BYWRmZjg2MTgtN2NmMS00ODAyLTg4OWItODFlMTRiZTBmNDY0XkEyXkFqcGdeQXRyYW5zY29kZS13b3JrZmxvdw@@._V1_.jpg"
        },
        "thumbnailUrl": "https://m.media-amazon.com/images/M/MV5BYWRmZjg2MTgtN2NmMS00ODAyLTg4OWItODFlMTRiZTBmNDY0XkEyXkFqcGdeQXRyYW5zY29kZS13b3JrZmxvdw@@._V1_.jpg",
        "uploadDate": "2020-10-21T21:32:15.100Z",
        "url": "https://www.imdb.com/video/vi318685465/"
    },
    "url": "/title/tt0218967/"
}