{
    "@context": "https://schema.org",
    "@type": "TVEpisode",
    "actor": [
        {
            "@type": "Person",
            "name": "Dionicio Chambers",
            "url": "/name/nm5193858/"
        },
        {
            "@type": "Person",
            "name": "Dave Chappelle",
            "url": "/name/nm0152638/"
        }
    ],
    "aggregateRating": {
        "@type": "AggregateRating",
        "bestRating": 10,
        "ratingCount": 177,
        "ratingValue": 7.5,
        "worstRating": 1
    },
    "contentRating": "TV-MA",
    "creator": [
        {
            "@type": "Organization",
            "url": "/company/co0148953/"
        },
        {
            "@type": "Person",
            "name": "Neal Brennan",
            "url": "/name/nm0107366/"
        },
        {
            "@type": "Person",
            "name": "Dave Chappelle",
            "url": "/name/nm0152638/"
        }
    ],
    "datePublished": "2004-04-21",
    "description": "The best sketches from season 2 of the Comedy Central hit series \"Chappelle's Show.\"",
    "director": [
        {
            "@type": "Person",
            "name": "Neal Brennan",
            "url": "/name/nm0107366/"
        },
        {
            "@type": "Person",
            "name": "Rusty Cundieff",
            "url": "/name/nm0192090/"
        }
    ],
    "genre": [
        "Comedy",
        "Music"
    ],
    "image": "https://m.media-amazon.com/images/M/MV5BYzdjMmJmODctZTIxZC00YjdlLWI2ZWYtZjkyZjNiZTRlNWIxXkEyXkFqcGdeQXVyMjUwMjUzNDQ@._V1_.jpg",
    "name": "The Best of Chappelle's Show: Season 2, Volume 1",
    "original_info": {
        "id": "The Man Show: Season 1: Vol. 1_1999",
        "name": "The Man Show: Season 1: Vol. 1",
        "year": "1999"
    },
    "url": "/title/tt1000886/"
}