{
    "@context": "https://schema.org",
    "@type": "Movie",
    "actor": [
        {
            "@type": "Person",
            "name": "John Wayne",
            "url": "/name/nm0000078/"
        },
        {
            "@type": "Person",
            "name": "Kirk Douglas",
            "url": "/name/nm0000018/"
        },
        {
            "@type": "Person",
            "name": "Howard Keel",
            "url": "/name/nm0444476/"
        }
    ],
    "aggregateRating": {
        "@type": "AggregateRating",
        "bestRating": 10,
        "ratingCount": 10261,
        "ratingValue": 6.8,
        "worstRating": 1
    },
    "contentRating": "Unrated",
    "creator": [
        {
            "@type": "Organization",
            "url": "/company/co0055958/"
        },
        {
            "@type": "Organization",
            "url": "/company/co0047007/"
        },
        {
            "@type": "Person",
            "name": "Clair Huffaker",
            "url": "/name/nm0400236/"
        }
    ],
    "datePublished": "1967-05-27",
    "description": "The story of a man who was shot, robbed and imprisoned who returns to steal a large gold shipment from the man who wronged him. The gold is transported in an armored stage coach, the War Wagon.",
    "director": [
        {
            "@type": "Person",
            "name": "Burt Kennedy",
            "url": "/name/nm0447944/"
        }
    ],
    "duration": "PT1H41M",
    "genre": [
        "Drama",
        "Western"
    ],
    "image": "https://m.media-amazon.com/images/M/MV5BYjM5NGZhZGMtNTcwMi00MjU2LTlmYTYtYTBhMjZjNzQ2MDYyXkEyXkFqcGdeQXVyNjc1NTYyMjg@._V1_.jpg",
    "keywords": "heist,gold,wagon,caper,rural setting",
    "name": "The War Wagon",
    "original_info": {
        "id": "The War Wagon_1967",
        "name": "The War Wagon",
        "year": "1967"
    },
    "review": {
        "@type": "Review",
        "author": {
            "@type": "Person",
            "name": "aimless-46"
        },
        "dateCreated": "2006-10-19",
        "inLanguage": "English",
        "itemReviewed": {
            "@type": "CreativeWork",
            "url": "/title/tt0062472/"
        },
        "name": "A Subtle (but Fun) Parody of Traditional Western Movie Conventions",
        "reviewBody": "I didn't like the \"War Wagon\" when it was first released, I found it rather silly and vaguely offensive. The problem was me, I was not ready to recognize, let alone relate to, a subtle parody of the western genre. I should have been more receptive because in the mid-60s a huge amount of genre parody began to appear on television (\"Batman\", 'Wild Wild West\", \"F- Troop\", \"Get Smart\"), which could be traced back to gently tongue-in-cheek series like \"Maverick\" and \"Zorro\". \n\n\"Cat Ballou\" (1965) was the first feature length parody of Western genre clichés. But its parody elements were obvious, even if you were not that familiar with the conventions of the Western genre you could recognize exaggerations and revisions. In addition, up to this point John Wayne films had given the Western genre only very traditional treatments.\n\nBut \"The War Wagon\" was only the first example of director Burt Kennedy's tweaking of the genre. He would follow it up with \"Support Your Local Sheriff\" (1969), \"Hannie Caulder\" (1971), and \"Support Your Local Gunfighter\" (1971). Wayne would toy with parodic elements two years later with \"True Grit\", and would stay much less traditional with the remainder of his westerns. \n\n\"The War Wagon\" is also a genre hybrid as western is mixed with buddy picture and big heist movie. Taw (John Wayne) recruits an old enemy Lomax (Kirk Douglas) as he seeks revenge on a ruthless mine owner (Bruce Cabot) who not only framed and sent to him prison, but appropriated his ranch and personal possessions after a huge gold strike was discovered on ranch property (here we go with the exaggeration-the only things missing are stealing Taw's wife, adopting his children, and leaving his toilet seat up). Cabot transports his gold in a \"Wild Wild West\" inspired armored wagon.\n\nThe interplay between Wayne and Douglas (who always seems right on the verge of accepting Cabot's standing offer of $12,000 to kill Wayne) is clever and sarcastic, working with the many exaggerated elements to provide the film's considerable humor. \n\n\"The War Wagon\" finds Wayne on the wrong side of established authority, for at least the third time as his Ethan Edwards character in \"The Searchers\" also operated well outside the law and Quirt Evans in \"Angel and the Badman\" had to be bad enough that he could be reformed by Gail Russell. \n\nHoward Keel plays the civilized Indian sidekick mostly for comic relief and the characters actually demonstrate an awareness of the movie context when they self-reflexively (deliberately drawing attention to their playing characters in a movie) refer to a tactic as an old Indian trick. Ultimately the joke (and the irony) is on Wayne and Douglas, as their seemingly one-sided deal with the Indians (a few blankets in exchange for their participation) causes the Indians to end up with most the rewards. \n\n\"The War Wagon's\" understated parody style would inspire John Huston (\"The Life & Times Of Judge Roy Bean\") and George Roy Hill (\"The Sting\"); and of course many others. \n\nThen again, what do I know? I'm only a child.",
        "reviewRating": {
            "@type": "Rating",
            "bestRating": 10,
            "ratingValue": 7,
            "worstRating": 1
        }
    },
    "trailer": {
        "@type": "VideoObject",
        "description": "The story of a man who was shot, robbed and imprisoned who returns to steal a large gold shipment from the man who wronged him. The gold is transported in an armored stage coach, the War Wagon.",
        "duration": "PT44S",
        "embedUrl": "https://www.imdb.com/video/imdb/vi1965408537",
        "name": "Trailer",
        "thumbnail": {
            "@type": "ImageObject",
            "contentUrl": "https://m.media-amazon.com/images/M/MV5BZDJkMjRhNDYtYWJjZS00ZjAyLTgxNjMtNGUwOGI5M2Y4NThkXkEyXkFqcGdeQXRyYW5zY29kZS13b3JrZmxvdw@@._V1_.jpg"
        },
        "thumbnailUrl": "https://m.media-amazon.com/images/M/MV5BZDJkMjRhNDYtYWJjZS00ZjAyLTgxNjMtNGUwOGI5M2Y4NThkXkEyXkFqcGdeQXRyYW5zY29kZS13b3JrZmxvdw@@._V1_.jpg",
        "uploadDate": "2020-12-09T11:14:18.511Z",
        "url": "https://www.imdb.com/video/vi1965408537/"
    },
    "url": "/title/tt0062472/"
}