{
    "@context": "https://schema.org",
    "@type": "Movie",
    "actor": [
        {
            "@type": "Person",
            "name": "Brandon Lee",
            "url": "/name/nm0000488/"
        },
        {
            "@type": "Person",
            "name": "Michael Wincott",
            "url": "/name/nm0000699/"
        },
        {
            "@type": "Person",
            "name": "Rochelle Davis",
            "url": "/name/nm0205373/"
        }
    ],
    "aggregateRating": {
        "@type": "AggregateRating",
        "bestRating": 10,
        "ratingCount": 188910,
        "ratingValue": 7.5,
        "worstRating": 1
    },
    "contentRating": "R",
    "creator": [
        {
            "@type": "Organization",
            "url": "/company/co0119044/"
        },
        {
            "@type": "Organization",
            "url": "/company/co0032245/"
        },
        {
            "@type": "Organization",
            "url": "/company/co0176154/"
        },
        {
            "@type": "Person",
            "name": "James O'Barr",
            "url": "/name/nm0639335/"
        },
        {
            "@type": "Person",
            "name": "David J. Schow",
            "url": "/name/nm0775017/"
        },
        {
            "@type": "Person",
            "name": "John Shirley",
            "url": "/name/nm0794326/"
        }
    ],
    "datePublished": "1994-05-13",
    "description": "A man brutally murdered comes back to life as an undead avenger of his and his fiancée's murder.",
    "director": [
        {
            "@type": "Person",
            "name": "Alex Proyas",
            "url": "/name/nm0001639/"
        }
    ],
    "duration": "PT1H42M",
    "genre": [
        "Action",
        "Crime",
        "Drama"
    ],
    "image": "https://m.media-amazon.com/images/M/MV5BM2Y4ZGVhZjItNjU0OC00MDk1LWI4ZTktYTgwMWJkNDE5OTcxXkEyXkFqcGdeQXVyMTQxNzMzNDI@._V1_.jpg",
    "keywords": "female rear nudity,back from the dead,superhero action,vigilante,crime boss",
    "name": "The Crow",
    "original_info": {
        "id": "The Crow_1994",
        "name": "The Crow",
        "year": "1994"
    },
    "review": {
        "@type": "Review",
        "author": {
            "@type": "Person",
            "name": "uds3"
        },
        "dateCreated": "2001-11-05",
        "inLanguage": "English",
        "itemReviewed": {
            "@type": "CreativeWork",
            "url": "/title/tt0109506/"
        },
        "name": "\"Suddenly I heard a tapping, as of someone gently rapping...at my chamber door\"",
        "reviewBody": "THE CROW, like 2001: A SPACE ODYSSEY separates those who see from those who do not! (who CANNOT). Alex Proyas will never achieve anything close to this masterpiece again and if Brandon Lee HAD to die, then there could never have been a better time and place (do not misinterpret my words or meaning here). Personally, I shall for ever be indebted to him for what he has left...a performance in a film that challenges, implores, conjures, paints. A surreal landscape of good and evil in almost equal proportions.\n\nI am no Goth, have never read the original comic strip, nor do I wish to. I simply regret watching the unspeakably pathetic and inappropriate sequels...do not make the same mistake!\n\nFor all its grotesque violence, seediness and Gothic degeneracy, THE CROW is a pure love story, so pure, that even immersed within the blackest of adult fairy-tales its power cannot be dampened or lessened. Eric Draven's spiritual pursuit of those who murdered his beautiful girlfriend is less of a revenge story and more a reminder that karma balances out in the end.\n\n Perhaps the best performance, other than that of the crow itself, is from Michael Wincott, a very underrated actor, as the incarnately evil gang leader. It is the role of a lifetime for him.\n\nIf I were in a position that I could see only two films again for the rest of my life, they would be 2001 and THE CROW. At no stage would I ever subsequently be able to say that I had seen EVERYTHING that either had to offer."
    },
    "trailer": {
        "@type": "VideoObject",
        "description": "CT#3",
        "duration": "PT1M34S",
        "embedUrl": "https://www.imdb.com/video/imdb/vi404404249",
        "name": "The Crow",
        "thumbnail": {
            "@type": "ImageObject",
            "contentUrl": "https://m.media-amazon.com/images/M/MV5BZTIyNmFkY2QtMjRhMi00MzVlLTk1NzEtMzZiYWViMWE2MjY1XkEyXkFqcGdeQXVyNzU1NzE3NTg@._V1_.jpg"
        },
        "thumbnailUrl": "https://m.media-amazon.com/images/M/MV5BZTIyNmFkY2QtMjRhMi00MzVlLTk1NzEtMzZiYWViMWE2MjY1XkEyXkFqcGdeQXVyNzU1NzE3NTg@._V1_.jpg",
        "uploadDate": "2018-03-20T17:15:31Z",
        "url": "https://www.imdb.com/video/vi404404249/"
    },
    "url": "/title/tt0109506/"
}