{
    "@context": "https://schema.org",
    "@type": "Movie",
    "actor": [
        {
            "@type": "Person",
            "name": "Billy Warlock",
            "url": "/name/nm0912308/"
        },
        {
            "@type": "Person",
            "name": "Kurt Max Runte",
            "url": "/name/nm0750343/"
        },
        {
            "@type": "Person",
            "name": "Catherine Lough Haggquist",
            "url": "/name/nm0521723/"
        }
    ],
    "aggregateRating": {
        "@type": "AggregateRating",
        "bestRating": 10,
        "ratingCount": 1098,
        "ratingValue": 2.4,
        "worstRating": 1
    },
    "contentRating": "R",
    "creator": [
        {
            "@type": "Organization",
            "url": "/company/co0111966/"
        },
        {
            "@type": "Organization",
            "url": "/company/co0086887/"
        },
        {
            "@type": "Organization",
            "url": "/company/co0062469/"
        },
        {
            "@type": "Person",
            "name": "Raul Inglis",
            "url": "/name/nm0408885/"
        },
        {
            "@type": "Person",
            "name": "Keith Shaw",
            "url": "/name/nm1433581/"
        },
        {
            "@type": "Person",
            "name": "William Langlois",
            "url": "/name/nm0486610/"
        }
    ],
    "datePublished": "2004-01-07",
    "description": "A top secret drilling platform in the Gulf of Mexico raises a dormant alien creature from the depths. Once loose, the creature goes on a murderous rampage.",
    "director": [
        {
            "@type": "Person",
            "name": "Jim Wynorski",
            "url": "/name/nm0691061/"
        }
    ],
    "duration": "PT1H34M",
    "genre": [
        "Action",
        "Adventure",
        "Horror"
    ],
    "image": "https://m.media-amazon.com/images/M/MV5BMTg0OTczNTUyMl5BMl5BanBnXkFtZTcwMTk4MjAzMQ@@._V1_.jpg",
    "keywords": "black bra,black panties,rampage,stripper,female frontal nudity",
    "name": "The Thing Below",
    "original_info": {
        "id": "The Thing Below_2004",
        "name": "The Thing Below",
        "year": "2004"
    },
    "review": {
        "@type": "Review",
        "author": {
            "@type": "Person",
            "name": "bugaboo-7"
        },
        "dateCreated": "2005-08-27",
        "inLanguage": "English",
        "itemReviewed": {
            "@type": "CreativeWork",
            "url": "/title/tt0382443/"
        },
        "name": "Don't waste your time.",
        "reviewBody": "This film's plot is a rehash of Alien. Only here the evil critter is not found in outer space but fifteen miles under the Earth. Of course the US Government wants this thing, and wants to keep it hush hush, God knows why. Of course it gets loose on the oil platform where it was pulled out of the ground from and mayhem ensues.\n\nOne of the many problems is, the group of characters boarding the oil rig is straight out of the movie cliché handbook. The haunted leader, the bald black man, the inexplicable hot blonde chick, and the eccentric guy, who in this case thinks he's Butch Cassidy (including hat and six shooter).\n\nAnother is, this was made in Canada and many of the actors portraying Americans speak with a Doug and Bob MacKenzie accent, kinda weird eh? On the plus side, there is a far too long strip tease sequence performed by what looked to be an up and coming porn star (this accounts for my second star).\n\nThey obviously had some money to spend but the lousy acting, hokey cartoon alien and woeful, annoying \"on the nose\" dialogue drag this thing deeper than the underwater tomb their monster allegedly came from.",
        "reviewRating": {
            "@type": "Rating",
            "bestRating": 10,
            "ratingValue": 2,
            "worstRating": 1
        }
    },
    "trailer": {
        "@type": "VideoObject",
        "description": "Home Video Trailer from DEJ",
        "duration": "PT1M6S",
        "embedUrl": "https://www.imdb.com/video/imdb/vi2382037273",
        "name": "The Thing Below",
        "thumbnail": {
            "@type": "ImageObject",
            "contentUrl": "https://m.media-amazon.com/images/M/MV5BNjE3YjcwNzktNzRkZS00NDE0LTlkN2YtNjRlZjVlZGZjYTA1XkEyXkFqcGdeQXVyNzU1NzE3NTg@._V1_.jpg"
        },
        "thumbnailUrl": "https://m.media-amazon.com/images/M/MV5BNjE3YjcwNzktNzRkZS00NDE0LTlkN2YtNjRlZjVlZGZjYTA1XkEyXkFqcGdeQXVyNzU1NzE3NTg@._V1_.jpg",
        "uploadDate": "2008-04-11T17:15:49Z",
        "url": "https://www.imdb.com/video/vi2382037273/"
    },
    "url": "/title/tt0382443/"
}