{
    "@context": "https://schema.org",
    "@type": "Movie",
    "actor": [
        {
            "@type": "Person",
            "name": "Jack Nicholson",
            "url": "/name/nm0000197/"
        },
        {
            "@type": "Person",
            "name": "Benicio Del Toro",
            "url": "/name/nm0001125/"
        },
        {
            "@type": "Person",
            "name": "Patricia Clarkson",
            "url": "/name/nm0165101/"
        }
    ],
    "aggregateRating": {
        "@type": "AggregateRating",
        "bestRating": 10,
        "ratingCount": 62104,
        "ratingValue": 6.8,
        "worstRating": 1
    },
    "contentRating": "R",
    "creator": [
        {
            "@type": "Organization",
            "url": "/company/co0033472/"
        },
        {
            "@type": "Organization",
            "url": "/company/co0043393/"
        },
        {
            "@type": "Organization",
            "url": "/company/co0054028/"
        },
        {
            "@type": "Person",
            "name": "Friedrich Dürrenmatt",
            "url": "/name/nm0246959/"
        },
        {
            "@type": "Person",
            "name": "Jerzy Kromolowski",
            "url": "/name/nm0472100/"
        },
        {
            "@type": "Person",
            "name": "Mary Olson-Kromolowski",
            "url": "/name/nm1400959/"
        }
    ],
    "datePublished": "2001-01-19",
    "description": "A retiring police detective pledges to catch the killer of a young child.",
    "director": [
        {
            "@type": "Person",
            "name": "Sean Penn",
            "url": "/name/nm0000576/"
        }
    ],
    "duration": "PT2H4M",
    "genre": [
        "Crime",
        "Drama",
        "Mystery"
    ],
    "image": "https://m.media-amazon.com/images/M/MV5BMDhmOTA3NzMtYjUwMC00MGRmLWE2NGMtOGY3NWYzMmM0OTdiXkEyXkFqcGdeQXVyMjUzOTY1NTc@._V1_.jpg",
    "keywords": "murder investigation,police,retired policeman,serial killer,private investigation",
    "name": "The Pledge",
    "review": {
        "@type": "Review",
        "author": {
            "@type": "Person",
            "name": "FunnyMann"
        },
        "dateCreated": "2001-09-23",
        "inLanguage": "English",
        "itemReviewed": {
            "@type": "CreativeWork",
            "url": "/title/tt0237572/"
        },
        "name": "Unexpected",
        "reviewBody": "Having seen \"The Pledge\" without knowing much about it, I got something other than what I bargained for. But that's not necessarily a bad thing.\n\nIf you're looking for a good whodunit, avoid this movie. If you're looking for a fast-paced thriller, avoid this movie. But if you're into seeing an intense character study bolstered by impressive acting and clever directing (kudos, Sean Penn), you've come to the right place.\n\nI read one IMDB review calling this film Nicholson's worst ever. This is not true -- that reviewer obviously never saw \"Man Trouble\" -- but I can see why some folks really don't like this movie. It doesn't deliver what you'd expect, and what it does deliver is neither conventional nor uplifting. In fact, it's pretty depressing. But if you ponder the story afterward, you realize there's a certain dark justice at work here. Like, blacklight dark.\n\nSo then, \"The Pledge\" is not a light and frothy piece, but if you're the type who thinks watching some poor b**tard's descent into madness is entertainment, have at it.",
        "reviewRating": {
            "@type": "Rating",
            "bestRating": 10,
            "ratingValue": 7,
            "worstRating": 1
        }
    },
    "trailer": {
        "@type": "VideoObject",
        "description": "Home Video Trailer from Warner Home Video",
        "duration": "PT31S",
        "embedUrl": "https://www.imdb.com/video/imdb/vi1425146137",
        "name": "The Pledge",
        "thumbnail": {
            "@type": "ImageObject",
            "contentUrl": "https://m.media-amazon.com/images/M/MV5BZDlkZmE5MTgtZDFiMS00Y2UxLThkMmYtNzU3ZmVlMWQ4NTAyXkEyXkFqcGdeQXVyNzU1NzE3NTg@._V1_.jpg"
        },
        "thumbnailUrl": "https://m.media-amazon.com/images/M/MV5BZDlkZmE5MTgtZDFiMS00Y2UxLThkMmYtNzU3ZmVlMWQ4NTAyXkEyXkFqcGdeQXVyNzU1NzE3NTg@._V1_.jpg",
        "uploadDate": "2008-04-11T16:42:15Z",
        "url": "https://www.imdb.com/video/vi1425146137/"
    },
    "url": "/title/tt0237572/"
}