{
    "@context": "https://schema.org",
    "@type": "Movie",
    "actor": [
        {
            "@type": "Person",
            "name": "Mack 10",
            "url": "/name/nm0532924/"
        },
        {
            "@type": "Person",
            "name": "Fat Joe",
            "url": "/name/nm0196117/"
        },
        {
            "@type": "Person",
            "name": "Ice Cube",
            "url": "/name/nm0001084/"
        }
    ],
    "aggregateRating": {
        "@type": "AggregateRating",
        "bestRating": 10,
        "ratingCount": 668,
        "ratingValue": 4.7,
        "worstRating": 1
    },
    "contentRating": "R",
    "creator": [
        {
            "@type": "Organization",
            "url": "/company/co0194095/"
        },
        {
            "@type": "Organization",
            "url": "/company/co0059341/"
        },
        {
            "@type": "Organization",
            "url": "/company/co0071451/"
        },
        {
            "@type": "Person",
            "name": "Ernest Nyle Brown",
            "url": "/name/nm0113534/"
        },
        {
            "@type": "Person",
            "name": "Julie Shannon",
            "url": "/name/nm0788311/"
        }
    ],
    "datePublished": "1999-10-29",
    "description": "In Los Angeles, two rival gang leaders are also trying to be music producers. When DJ's equipment shorts out and Lonzo is cut out of the action by a record producer, the two join forces, which also requires a tentative peace betwe...",
    "director": [
        {
            "@type": "Person",
            "name": "Richard Cummings Jr.",
            "url": "/name/nm0191836/"
        }
    ],
    "duration": "PT1H31M",
    "genre": [
        "Drama"
    ],
    "image": "https://m.media-amazon.com/images/M/MV5BMTA2OTc3MzMwOTJeQTJeQWpwZ15BbWU3MDMzNDIwMDE@._V1_.jpg",
    "keywords": "gang,music producer,drugs,new orleans louisiana,los angeles california",
    "name": "Thicker Than Water",
    "original_info": {
        "id": "Thicker than Water_1999",
        "name": "Thicker than Water",
        "year": "1999"
    },
    "review": {
        "@type": "Review",
        "author": {
            "@type": "Person",
            "name": "H-MAN-3"
        },
        "dateCreated": "2002-01-25",
        "inLanguage": "English",
        "itemReviewed": {
            "@type": "CreativeWork",
            "url": "/title/tt0220095/"
        },
        "name": "For The Hard Core Fan!",
        "reviewBody": "I bought this movie about a year and a half ago and this flick was just what it would be.Mack 10 & Fat Joe are gang rivals who just happen to have a lot in common & more! If you're a fan of \"Ghetto Cinema\",check it out,though the excessive profanity was a little much,but what do you expect?"
    },
    "url": "/title/tt0220095/"
}