{
    "@context": "https://schema.org",
    "@type": "Movie",
    "actor": [
        {
            "@type": "Person",
            "name": "Jeff Basara",
            "url": "/name/nm1665030/"
        },
        {
            "@type": "Person",
            "name": "Danny Cheresnick",
            "url": "/name/nm1665085/"
        },
        {
            "@type": "Person",
            "name": "Evgeni Fedorovich",
            "url": "/name/nm1665143/"
        }
    ],
    "aggregateRating": {
        "@type": "AggregateRating",
        "bestRating": 10,
        "ratingCount": 28,
        "ratingValue": 6.9,
        "worstRating": 1
    },
    "creator": [
        {
            "@type": "Organization",
            "url": "/company/co0313087/"
        }
    ],
    "datePublished": "2004-07-20",
    "description": "A documentary of two young storm chasers, exploring their determination, struggles, and passion during the most active tornado season in history.",
    "director": [
        {
            "@type": "Person",
            "name": "Ken Cole",
            "url": "/name/nm1255329/"
        }
    ],
    "duration": "PT1H15M",
    "genre": [
        "Documentary"
    ],
    "image": "https://m.media-amazon.com/images/M/MV5BMTg1NTU5OTgyNl5BMl5BanBnXkFtZTcwOTM3NjgzMQ@@._V1_.jpg",
    "keywords": "tornado,storm chaser,storm chasing,thunderstorm",
    "name": "Tornado Glory",
    "review": {
        "@type": "Review",
        "author": {
            "@type": "Person",
            "name": "downtownjpbrown"
        },
        "dateCreated": "2004-07-27",
        "inLanguage": "English",
        "itemReviewed": {
            "@type": "CreativeWork",
            "url": "/title/tt0419209/"
        },
        "name": "Two Thumbs Up!",
        "reviewBody": "My girlfriend I went and saw this movie a few weeks ago and we both thoroughly enjoyed it! Although the movie has some absolutely amazing footage of tornado's  the film isn't just about chasing storms. It follows a really good plot as it focuses in on the stories of the two main characters. It gets you really involved into the movie. I would literally get anxious each time they'd start off on a new chase, or get anxious in anticipation of how the professors would react when they learned of their daredevil-like stunts. This is definitely one the best documentaries I have seen. The footage was excellent, the commentaries were excellent, and the storyline was excellent. Highly recommended!"
    },
    "url": "/title/tt0419209/"
}