{
    "@context": "https://schema.org",
    "@type": "Movie",
    "actor": [
        {
            "@type": "Person",
            "name": "Phil Vischer",
            "url": "/name/nm1008415/"
        },
        {
            "@type": "Person",
            "name": "Mike Nawrocki",
            "url": "/name/nm1007740/"
        },
        {
            "@type": "Person",
            "name": "Lisa Vischer",
            "url": "/name/nm1009595/"
        }
    ],
    "aggregateRating": {
        "@type": "AggregateRating",
        "bestRating": 10,
        "ratingCount": 415,
        "ratingValue": 6.9,
        "worstRating": 1
    },
    "contentRating": "TV-Y7",
    "creator": [
        {
            "@type": "Organization",
            "url": "/company/co0149838/"
        },
        {
            "@type": "Person",
            "name": "Tim Hodge",
            "url": "/name/nm0388113/"
        },
        {
            "@type": "Person",
            "name": "Robert G. Lee",
            "url": "/name/nm1557883/"
        },
        {
            "@type": "Person",
            "name": "Joe Spadaford",
            "url": "/name/nm1778932/"
        }
    ],
    "datePublished": "2005-06-25",
    "description": "Larry the Cucumber stars as Minnesota Cuke, adventurer extraordinary. Follow Cuke around the world as he searches for the legendary Hairbrush of Samson on a race to keep it from his arch nemeses, Professor Rattan!",
    "director": [
        {
            "@type": "Person",
            "name": "Tim Hodge",
            "url": "/name/nm0388113/"
        }
    ],
    "duration": "PT44M",
    "genre": [
        "Animation",
        "Short",
        "Family"
    ],
    "image": "https://m.media-amazon.com/images/M/MV5BMTg1NDc5MzkyMV5BMl5BanBnXkFtZTcwNjgxODgyMQ@@._V1_.jpg",
    "keywords": "bully,adventurer,vegetable,religion,christian",
    "name": "VeggieTales: Minnesota Cuke and the Search for Samson's Hairbrush",
    "original_info": {
        "id": "VeggieTales: Minnesota Cuke_2005",
        "name": "VeggieTales: Minnesota Cuke",
        "year": "2005"
    },
    "url": "/title/tt0471422/"
}