{
    "@context": "https://schema.org",
    "@type": "Movie",
    "actor": [
        {
            "@type": "Person",
            "name": "Mike Nawrocki",
            "url": "/name/nm1007740/"
        },
        {
            "@type": "Person",
            "name": "Phil Vischer",
            "url": "/name/nm1008415/"
        },
        {
            "@type": "Person",
            "name": "Lisa Vischer",
            "url": "/name/nm1009595/"
        }
    ],
    "aggregateRating": {
        "@type": "AggregateRating",
        "bestRating": 10,
        "ratingCount": 573,
        "ratingValue": 7.3,
        "worstRating": 1
    },
    "contentRating": "Unrated",
    "creator": [
        {
            "@type": "Organization",
            "url": "/company/co0149838/"
        },
        {
            "@type": "Person",
            "name": "Tim Hodge",
            "url": "/name/nm0388113/"
        },
        {
            "@type": "Person",
            "name": "Eric Metaxas",
            "url": "/name/nm0582390/"
        },
        {
            "@type": "Person",
            "name": "Phil Vischer",
            "url": "/name/nm1008415/"
        }
    ],
    "datePublished": "2001-03-27",
    "description": "When Archibald Asparagus takes over VeggieTales, he does this episode in a classy way. The \"Silly Song with Larry\" involves takes place in the thirties, with Larry trying to protect his top hat from being squashed, and singing in ...",
    "director": [
        {
            "@type": "Person",
            "name": "Tim Hodge",
            "url": "/name/nm0388113/"
        },
        {
            "@type": "Person",
            "name": "Marc Vulcano",
            "url": "/name/nm1127866/"
        }
    ],
    "duration": "PT30M",
    "genre": [
        "Animation",
        "Short",
        "Comedy"
    ],
    "image": "https://m.media-amazon.com/images/M/MV5BMTQ0NDgzMTg5NF5BMl5BanBnXkFtZTgwODA3NTAwNzE@._V1_.jpg",
    "keywords": "cg animation,viking,top hat,song,monk",
    "name": "VeggieTales: Lyle, the Kindly Viking",
    "original_info": {
        "id": "VeggieTales: Lyle the Kindly Viking_2001",
        "name": "VeggieTales: Lyle the Kindly Viking",
        "year": "2001"
    },
    "review": {
        "@type": "Review",
        "author": {
            "@type": "Person",
            "name": "MovieAddict2016"
        },
        "dateCreated": "2002-11-22",
        "inLanguage": "English",
        "itemReviewed": {
            "@type": "CreativeWork",
            "url": "/title/tt0284611/"
        },
        "name": "Worst Veggie Tale...",
        "reviewBody": "Lyle the Friendly Viking is the worst Veggie Tales video yet. The jokes fall flat, the characters seem different, and the \"Silly Song With Larry\" (which was supposed to mock Forrest Gump partially) fell REALLY short. I'm not saying this film was bad, just the worst Veggie Tales film yet. Big difference.\n\nJohn"
    },
    "url": "/title/tt0284611/"
}