{
    "@context": "https://schema.org",
    "@type": "Movie",
    "actor": [
        {
            "@type": "Person",
            "name": "Christian Slater",
            "url": "/name/nm0000225/"
        },
        {
            "@type": "Person",
            "name": "Daniel Stern",
            "url": "/name/nm0827663/"
        },
        {
            "@type": "Person",
            "name": "Cameron Diaz",
            "url": "/name/nm0000139/"
        }
    ],
    "aggregateRating": {
        "@type": "AggregateRating",
        "bestRating": 10,
        "ratingCount": 47889,
        "ratingValue": 6.3,
        "worstRating": 1
    },
    "contentRating": "R",
    "creator": [
        {
            "@type": "Organization",
            "url": "/company/co0011877/"
        },
        {
            "@type": "Organization",
            "url": "/company/co0031772/"
        },
        {
            "@type": "Organization",
            "url": "/company/co0103811/"
        },
        {
            "@type": "Person",
            "name": "Peter Berg",
            "url": "/name/nm0000916/"
        }
    ],
    "datePublished": "1998-11-25",
    "description": "A prostitute is killed during a bachelor party and the attendees turn on each other as the wedding approaches.",
    "director": [
        {
            "@type": "Person",
            "name": "Peter Berg",
            "url": "/name/nm0000916/"
        }
    ],
    "duration": "PT1H40M",
    "genre": [
        "Comedy",
        "Crime",
        "Thriller"
    ],
    "image": "https://m.media-amazon.com/images/M/MV5BNGEyZDYzMTktODYzZi00ZWJlLWE0NzktODVhNGM2OGZmMjFjXkEyXkFqcGdeQXVyMjUzOTY1NTc@._V1_.jpg",
    "keywords": "dark comedy,shopping,security guard,argument,murderer",
    "name": "Very Bad Things",
    "original_info": {
        "id": "Very Bad Things_1998",
        "name": "Very Bad Things",
        "year": "1998"
    },
    "review": {
        "@type": "Review",
        "author": {
            "@type": "Person",
            "name": "lisa-13121"
        },
        "dateCreated": "2021-10-05",
        "inLanguage": "English",
        "itemReviewed": {
            "@type": "CreativeWork",
            "url": "/title/tt0124198/"
        },
        "name": "Twisted Little masterpiece!",
        "reviewBody": "Simply diabolically wonderful! Loved since day one & 23 years later, still great!",
        "reviewRating": {
            "@type": "Rating",
            "bestRating": 10,
            "ratingValue": 10,
            "worstRating": 1
        }
    },
    "trailer": {
        "@type": "VideoObject",
        "description": "Home Video Trailer from PolyGram Video",
        "duration": "PT1M11S",
        "embedUrl": "https://www.imdb.com/video/imdb/vi1341849881",
        "name": "Very Bad Things",
        "thumbnail": {
            "@type": "ImageObject",
            "contentUrl": "https://m.media-amazon.com/images/M/MV5BN2VjYjc4ZTItN2NkZS00MWVlLWJlNDctZDQzMmI0ZTA0ODc0XkEyXkFqcGdeQXVyNzU1NzE3NTg@._V1_.jpg"
        },
        "thumbnailUrl": "https://m.media-amazon.com/images/M/MV5BN2VjYjc4ZTItN2NkZS00MWVlLWJlNDctZDQzMmI0ZTA0ODc0XkEyXkFqcGdeQXVyNzU1NzE3NTg@._V1_.jpg",
        "uploadDate": "2008-04-11T17:15:05Z",
        "url": "https://www.imdb.com/video/vi1341849881/"
    },
    "url": "/title/tt0124198/"
}