{
    "@context": "https://schema.org",
    "@type": "TVSeries",
    "actor": [
        {
            "@type": "Person",
            "name": "Kasra Tamjidi",
            "url": "/name/nm7709462/"
        },
        {
            "@type": "Person",
            "name": "Maryam Bakhtiar",
            "url": "/name/nm7736996/"
        },
        {
            "@type": "Person",
            "name": "Fariborz Arabnia",
            "url": "/name/nm1000338/"
        }
    ],
    "aggregateRating": {
        "@type": "AggregateRating",
        "bestRating": 10,
        "ratingCount": 38,
        "ratingValue": 7.1,
        "worstRating": 1
    },
    "creator": [
        {
            "@type": "Organization",
            "url": "/company/co0040512/"
        }
    ],
    "datePublished": "1992-10-30",
    "genre": [
        "Crime",
        "Drama",
        "Thriller"
    ],
    "image": "https://m.media-amazon.com/images/M/MV5BYjExNDBmOWYtNzM0Ni00ODgwLTlkNjEtNjM5MTY5YWUxNzg3XkEyXkFqcGdeQXVyMzk4NjQ1NA@@._V1_.jpg",
    "name": "Wages of Fear",
    "original_info": {
        "id": "Wages of Fear_1952",
        "name": "Wages of Fear",
        "year": "1952"
    },
    "url": "/title/tt5214306/"
}