{
    "@context": "https://schema.org",
    "@type": "Movie",
    "aggregateRating": {
        "@type": "AggregateRating",
        "bestRating": 10,
        "ratingCount": 19,
        "ratingValue": 6.8,
        "worstRating": 1
    },
    "creator": [
        {
            "@type": "Person",
            "name": "Alan Lindgren",
            "url": "/name/nm3411893/"
        }
    ],
    "director": [
        {
            "@type": "Person",
            "name": "Pierre de Lespinois",
            "url": "/name/nm0504273/"
        }
    ],
    "genre": [
        "Documentary"
    ],
    "image": "https://m.media-amazon.com/images/M/MV5BMTczNDkxOTc1NF5BMl5BanBnXkFtZTcwMTQ1MTIyMQ@@._V1_.jpg",
    "name": "Weather Extreme: Tornado",
    "original_info": {
        "id": "Weather Extreme: Tornado_2001",
        "name": "Weather Extreme: Tornado",
        "year": "2001"
    },
    "url": "/title/tt0397115/"
}