{
    "@context": "https://schema.org",
    "@type": "Movie",
    "actor": [
        {
            "@type": "Person",
            "name": "Peter Sellers",
            "url": "/name/nm0000634/"
        },
        {
            "@type": "Person",
            "name": "Peter O'Toole",
            "url": "/name/nm0000564/"
        },
        {
            "@type": "Person",
            "name": "Romy Schneider",
            "url": "/name/nm0002769/"
        }
    ],
    "aggregateRating": {
        "@type": "AggregateRating",
        "bestRating": 10,
        "ratingCount": 10583,
        "ratingValue": 6.1,
        "worstRating": 1
    },
    "contentRating": "Approved",
    "creator": [
        {
            "@type": "Organization",
            "url": "/company/co0077420/"
        },
        {
            "@type": "Organization",
            "url": "/company/co0061286/"
        },
        {
            "@type": "Organization",
            "url": "/company/co0103797/"
        },
        {
            "@type": "Person",
            "name": "Woody Allen",
            "url": "/name/nm0000095/"
        }
    ],
    "datePublished": "1965-06-22",
    "description": "A playboy who refuses to give up his hedonistic lifestyle to settle down and marry his true love seeks help from a demented psychoanalyst who is having romantic problems of his own.",
    "director": [
        {
            "@type": "Person",
            "name": "Clive Donner",
            "url": "/name/nm0232795/"
        }
    ],
    "duration": "PT1H48M",
    "genre": [
        "Comedy"
    ],
    "image": "https://m.media-amazon.com/images/M/MV5BNWMxNDg0MjEtMWRiYS00NDBjLThmOGYtNDRkODkzZGE3MTFkXkEyXkFqcGdeQXVyMzU4Nzk4MDI@._V1_.jpg",
    "keywords": "farce,chateau,hotel,title based on song,angel wings",
    "name": "What's New Pussycat",
    "original_info": {
        "id": "What's New Pussycat?_1965",
        "name": "What's New Pussycat?",
        "year": "1965"
    },
    "review": {
        "@type": "Review",
        "author": {
            "@type": "Person",
            "name": "didi-5"
        },
        "dateCreated": "2004-10-17",
        "inLanguage": "English",
        "itemReviewed": {
            "@type": "CreativeWork",
            "url": "/title/tt0059903/"
        },
        "name": "Woody Allen's hit and miss sex comedy",
        "reviewBody": "This film is so sixties you can't believe it, from its eye-popping colours to the sight of Peter O'Toole and pals dancing OTT to Manfred Mann's 'Little Red Book'. O'Toole plays Michael James, a sex-mad fashion magazine editor who takes his troubles to a sex-mad psychiatrist (the amusingly bats Peter Sellers, in a Richard III wig and tight costumes), and shares neuroses with his weedy friend Woody Allen (who scripted this hit and miss movie).\n\nThere are some excellent bits - Romy Schneider, as Michael's fiancée and number one girlfriend, Carole, runs a language class which pitches in on a quarrel she has with him ('Goodbye, Goodbye, Goodbye' - 'You're all parrots!); Michael has nightmares where Sellers appears as, yup, Richard III, and all his girlfriends converge on him like a swarm of ants; Sellers plans a Viking funeral suicide (swathed in the Union Jack) but is interrupted by Allen dining al fresco for his birthday; O'Toole assists Sellers in a Cyrano de Bergerac style wooing; and there is frentic chase involving go-karts towards the end of the film. All this and the opera-shrilling psychiatrist's wife. And a lot of potted plants.\n\nFun food for the eyes really and a no-brainer, but 'What's New Pussycat?' is fun, off-the-wall, and requires no real attention span. O'Toole was certainly right for the part and of course, there is always Tom Jones' famous theme song and the cartoon credits with a chorus line of pussycats ..."
    },
    "trailer": {
        "@type": "VideoObject",
        "description": "Trailer 1",
        "duration": "PT1M30S",
        "embedUrl": "https://www.imdb.com/video/imdb/vi3837837081",
        "name": "What's New Pussycat",
        "thumbnail": {
            "@type": "ImageObject",
            "contentUrl": "https://m.media-amazon.com/images/M/MV5BMmJlNzUwY2YtMzgxZS00MTljLWJiMjUtMzFhMmQ3M2RjM2NiXkEyXkFqcGdeQTNwaW5nZXN0._V1_.jpg"
        },
        "thumbnailUrl": "https://m.media-amazon.com/images/M/MV5BMmJlNzUwY2YtMzgxZS00MTljLWJiMjUtMzFhMmQ3M2RjM2NiXkEyXkFqcGdeQTNwaW5nZXN0._V1_.jpg",
        "uploadDate": "2019-11-14T17:11:49.614Z",
        "url": "https://www.imdb.com/video/vi3837837081/"
    },
    "url": "/title/tt0059903/"
}