{
    "@context": "https://schema.org",
    "@type": "Movie",
    "actor": [
        {
            "@type": "Person",
            "name": "Roscoe Orman",
            "url": "/name/nm0650207/"
        },
        {
            "@type": "Person",
            "name": "Diana Sands",
            "url": "/name/nm0762305/"
        },
        {
            "@type": "Person",
            "name": "Thalmus Rasulala",
            "url": "/name/nm0711560/"
        }
    ],
    "aggregateRating": {
        "@type": "AggregateRating",
        "bestRating": 10,
        "ratingCount": 1203,
        "ratingValue": 6.4,
        "worstRating": 1
    },
    "contentRating": "R",
    "creator": [
        {
            "@type": "Organization",
            "url": "/company/co0719972/"
        },
        {
            "@type": "Organization",
            "url": "/company/co0005073/"
        },
        {
            "@type": "Organization",
            "url": "/company/co0019166/"
        },
        {
            "@type": "Person",
            "name": "Ron Cutler",
            "url": "/name/nm0193955/"
        },
        {
            "@type": "Person",
            "name": "Joe Keyes Jr.",
            "url": "/name/nm0450784/"
        }
    ],
    "datePublished": "1980-12-17",
    "description": "A social worker tries to get a pimp to change his ways.",
    "director": [
        {
            "@type": "Person",
            "name": "Gilbert Moses",
            "url": "/name/nm0608575/"
        }
    ],
    "duration": "PT1H42M",
    "genre": [
        "Crime",
        "Drama"
    ],
    "image": "https://m.media-amazon.com/images/M/MV5BNTRhNWM4N2ItMTdiNy00YmY3LTgzZWMtNzEzOWFlOWYyZTZiL2ltYWdlL2ltYWdlXkEyXkFqcGdeQXVyNzc5MjA3OA@@._V1_.jpg",
    "keywords": "pimp,cocaine,bare chested male,flamboyant pimp,slapped in the face",
    "name": "Willie Dynamite",
    "original_info": {
        "id": "Willie Dynamite_1974",
        "name": "Willie Dynamite",
        "year": "1974"
    },
    "review": {
        "@type": "Review",
        "author": {
            "@type": "Person",
            "name": "dctomlinson"
        },
        "dateCreated": "2004-03-08",
        "inLanguage": "English",
        "itemReviewed": {
            "@type": "CreativeWork",
            "url": "/title/tt0072409/"
        },
        "name": "Should have won Best Costume Oscar!",
        "reviewBody": "After watching 100 or more blaxploitation movies in the last 10 years or so, my wife and I fell in love with this movie. You love blaxploitation for the cheesy acting, the characters, the cars, the ghetto heroes. But for this one, it's the costumes. Sure, it's got pimps, hos, bad cops, drugs and prostitution, even a ex-hooker with a heart of gold. With costume changes nearly every scene; leather, fur, satin and those hats!, this one should have taken an Oscar!\n\nIf we can find the DVD, this one goes in the permanent collection.\n\nMary and David",
        "reviewRating": {
            "@type": "Rating",
            "bestRating": 10,
            "ratingValue": 7,
            "worstRating": 1
        }
    },
    "trailer": {
        "@type": "VideoObject",
        "description": "Official Trailer",
        "duration": "PT2M1S",
        "embedUrl": "https://www.imdb.com/video/imdb/vi505592345",
        "name": "Willie Dynamite",
        "thumbnail": {
            "@type": "ImageObject",
            "contentUrl": "https://m.media-amazon.com/images/M/MV5BZDQwYTFiNzMtYmRmNC00NGRlLWJmODctOTU2MmE3YWU1YmNlXkEyXkFqcGdeQXRoaXJkLXBhcnR5LXZpZGVvLXVwZGF0ZXI@._V1_.jpg"
        },
        "thumbnailUrl": "https://m.media-amazon.com/images/M/MV5BZDQwYTFiNzMtYmRmNC00NGRlLWJmODctOTU2MmE3YWU1YmNlXkEyXkFqcGdeQXRoaXJkLXBhcnR5LXZpZGVvLXVwZGF0ZXI@._V1_.jpg",
        "uploadDate": "2018-12-30T17:19:03.834Z",
        "url": "https://www.imdb.com/video/vi505592345/"
    },
    "url": "/title/tt0072409/"
}