{
    "@context": "https://schema.org",
    "@type": "Movie",
    "actor": [
        {
            "@type": "Person",
            "name": "Mark Calaway",
            "url": "/name/nm0130587/"
        },
        {
            "@type": "Person",
            "name": "Joe Anoa'i",
            "url": "/name/nm5195221/"
        },
        {
            "@type": "Person",
            "name": "Drew Galloway",
            "url": "/name/nm2811639/"
        }
    ],
    "aggregateRating": {
        "@type": "AggregateRating",
        "bestRating": 10,
        "ratingCount": 234,
        "ratingValue": 6.6,
        "worstRating": 1
    },
    "contentRating": "TV-PG",
    "creator": [
        {
            "@type": "Organization",
            "url": "/company/co0108337/"
        }
    ],
    "datePublished": "2020-11-22",
    "description": "Undertaker's Final Farewell will recognize The Phenom's legendary 30-year career at Survivor Series. Plus superstars of RAW and SmackDown collide for brand supremacy.",
    "duration": "PT3H27M",
    "genre": [
        "Action",
        "Sport"
    ],
    "image": "https://m.media-amazon.com/images/M/MV5BMTgyMWY0NDktMTEzZC00ZDUzLTk5YTMtODg4MGRiOTkwMTM0XkEyXkFqcGdeQXVyODAzNzAwOTU@._V1_.jpg",
    "keywords": "world wrestling entertainment,wrestler,wrestling,champion against champion,winner",
    "name": "WWE Survivor Series",
    "original_info": {
        "id": "WWE: Survivor Series 2002_2002",
        "name": "WWE: Survivor Series 2002",
        "year": "2002"
    },
    "review": {
        "@type": "Review",
        "author": {
            "@type": "Person",
            "name": "ThunderKing6"
        },
        "dateCreated": "2021-01-16",
        "inLanguage": "English",
        "itemReviewed": {
            "@type": "CreativeWork",
            "url": "/title/tt13034806/"
        },
        "name": "Where's my review?",
        "reviewBody": "Just men in speedos grappling each other for money. Fake, scripted brawls. Its not fun.\n\nIts no different from a cheesy raw or a corny smackdown.\n\nNot an essential service.\n\nVerdict: Will Mark stay retired?",
        "reviewRating": {
            "@type": "Rating",
            "bestRating": 10,
            "ratingValue": 5,
            "worstRating": 1
        }
    },
    "url": "/title/tt13034806/"
}