{
    "@context": "https://schema.org",
    "@type": "Movie",
    "actor": [
        {
            "@type": "Person",
            "name": "Clyde Brown",
            "url": "/name/nm2206659/"
        },
        {
            "@type": "Person",
            "name": "Eric Gruendemann",
            "url": "/name/nm0344408/"
        },
        {
            "@type": "Person",
            "name": "Lucy Lawless",
            "url": "/name/nm0005128/"
        }
    ],
    "aggregateRating": {
        "@type": "AggregateRating",
        "bestRating": 10,
        "ratingCount": 128,
        "ratingValue": 8.2,
        "worstRating": 1
    },
    "datePublished": "2005-03-08",
    "description": "A documentary on the final season of Xena Warrior Princess.",
    "duration": "PT31M",
    "genre": [
        "Documentary",
        "Short"
    ],
    "image": "https://m.media-amazon.com/images/M/MV5BOTAzNDc1MzUtZGU2Zi00ZGU1LWE2NTQtYmJiMjg0NDc4N2UzXkEyXkFqcGdeQXVyMzM4MjM0Nzg@._V1_.jpg",
    "keywords": "making of",
    "name": "Xena Warrior Princess: The Final Season",
    "original_info": {
        "id": "Xena: Warrior Princess: Season 5_1999",
        "name": "Xena: Warrior Princess: Season 5",
        "year": "1999"
    },
    "review": {
        "@type": "Review",
        "author": {
            "@type": "Person",
            "name": "denizf"
        },
        "dateCreated": "2007-01-13",
        "inLanguage": "English",
        "itemReviewed": {
            "@type": "CreativeWork",
            "url": "/title/tt0479771/"
        },
        "name": "Xena and Gabrielle are fantastic! Lucy, Renee, Kevin, Hudson, Ted and everyone else! WE LOVE YOU!",
        "reviewBody": "It's the year 2007 but I still watch the episodes over and over again. I love this show and I am very sad that it ended. I memorised the episodes and the lyrics of the soundtrack. I can say for sure that 6 episodes is not enough for a show like this. I wish there was a movie of the show. I know that now Lucy and Rob have a very happy family with 3 children. I wish a very healthy and happy future to them and to all of the crew! Xena's courage changes the world! I have seen that Lucy and Renee and the other stars have also acted in many other movies and shows. They mean so much to me and they are very valuable! I will purchase every single one of these movies even if they played only short parts. To see their face will brighten my day as they are really good at what they are doing. They are very good in making the audience feel the passion in everything they do. We love you so much! Love, Deniz",
        "reviewRating": {
            "@type": "Rating",
            "bestRating": 10,
            "ratingValue": 10,
            "worstRating": 1
        }
    },
    "url": "/title/tt0479771/"
}