{
    "@context": "https://schema.org",
    "@type": "Movie",
    "actor": [
        {
            "@type": "Person",
            "name": "Vanessa Croft",
            "url": "/name/nm2109529/"
        },
        {
            "@type": "Person",
            "name": "Troy Davidson",
            "url": "/name/nm0203510/"
        },
        {
            "@type": "Person",
            "name": "Cara DeLizia",
            "url": "/name/nm0217240/"
        }
    ],
    "aggregateRating": {
        "@type": "AggregateRating",
        "bestRating": 10,
        "ratingCount": 289,
        "ratingValue": 5.3,
        "worstRating": 1
    },
    "creator": [
        {
            "@type": "Organization",
            "url": "/company/co0018640/"
        },
        {
            "@type": "Person",
            "name": "Michael Kruzan",
            "url": "/name/nm0472947/"
        }
    ],
    "datePublished": "1995-08-22",
    "description": "Join Mary-Kate and Ashley at their slumber party where there is plenty of singing and dancing to go around. These girls know how to have fun by adding songs to everything from pizza making to makeovers.",
    "director": [
        {
            "@type": "Person",
            "name": "Michael Kruzan",
            "url": "/name/nm0472947/"
        }
    ],
    "duration": "PT14M",
    "genre": [
        "Short",
        "Comedy",
        "Family"
    ],
    "image": "https://m.media-amazon.com/images/M/MV5BMjA0MDkzMTU5Nl5BMl5BanBnXkFtZTcwNDc4MzE2MQ@@._V1_.jpg",
    "keywords": "female protagonist",
    "name": "You're Invited to Mary-Kate & Ashley's Sleepover Party",
    "original_info": {
        "id": "You're Invited to Mary-Kate and Ashley's Greatest Parties_1995",
        "name": "You're Invited to Mary-Kate and Ashley's Greatest Parties",
        "year": "1995"
    },
    "review": {
        "@type": "Review",
        "author": {
            "@type": "Person",
            "name": "mwcanadian"
        },
        "dateCreated": "2021-03-29",
        "inLanguage": "English",
        "itemReviewed": {
            "@type": "CreativeWork",
            "url": "/title/tt0242153/"
        },
        "name": "Good for little girls, for adults...eh",
        "reviewBody": "This show (can't call it a movie) was (if I'm right) the start of the series. This show wasn't bad for kids (mainly girls). It has songs and things girls kinda enjoy doing at sleepovers. The girls weren't bad at acting or singing. The issue I had was it made the boys out to be jerks then losers. Other than that, good kids (mostly girls) movie. Adults will likely roll their eyes to it, while girls will enjoy it.",
        "reviewRating": {
            "@type": "Rating",
            "bestRating": 10,
            "ratingValue": 5,
            "worstRating": 1
        }
    },
    "url": "/title/tt0242153/"
}